id,Collection.Date,RADSeq.year,Lat,Long,Month,Year,Source,Sex,NCBI.Accession,lon,lat,depth_gebco,lon_corrected,lat_corrected,corrected_depth,distance_to_shore,region,dapc_population,admixture_population,offshore_putative_hybrids,low_confidence_population,fourpop,sixpop,newhybrids_category,species
10Tt004,9/10/1999,2019,27.1667,-82.5435,September,1999,biopsy,M,PRJNA1289198,-82.5435,27.1667,-10,-82.5435,27.1667,-10,5753.4,Gulf,Intermediate,Intermediate,FALSE,FALSE,Intermediate,Intermediate_Gulf,NA,Tursiops erebennus
10Tt007,12/22/1999,2019,27.388,-82.7192,December,1999,biopsy,F,PRJNA1289198,-82.7192,27.388,-10,-82.7192,27.388,-10,9343.98,Gulf,Intermediate,Intermediate,FALSE,FALSE,Intermediate,Intermediate_Gulf,NA,Tursiops erebennus
10Tt041,7/11/2000,2019,27.104,-82.4877,July,2000,biopsy,F,PRJNA1289198,-82.4877,27.104,-9,-82.4877,27.104,-9,3356.79,Gulf,Intermediate,Intermediate,FALSE,FALSE,Intermediate,Intermediate_Gulf,NA,Tursiops erebennus
10Tt055,8/4/2000,2019,27.5678,-82.8343,August,2000,biopsy,M,PRJNA1289198,-82.8343,27.5678,-13,-82.8343,27.5678,-13,17608.38,Gulf,Intermediate,Intermediate,FALSE,FALSE,Intermediate,Intermediate_Gulf,NA,Tursiops erebennus
10Tt059,8/15/2000,2019,27.2915,-82.5898,August,2000,biopsy,M,PRJNA1289198,-82.5898,27.2915,-8,-82.5898,27.2915,-8,3639.92,Gulf,Intermediate,Coastal_Gulf,FALSE,TRUE,Intermediate,Intermediate_Gulf,NA,Tursiops erebennus
13Tt004,8/10/2001,2019,29.6748,-80.8252,August,2001,biopsy,F,PRJNA1289198,-80.8252,29.6748,-25,-80.8252,29.6748,-25,35901.26,Atlantic,Intermediate,Intermediate,FALSE,FALSE,Intermediate,Intermediate_Atlantic,NA,Tursiops erebennus
13Tt006,8/10/2001,2019,29.761,-80.3287,August,2001,biopsy,M,PRJNA1289198,-80.3287,29.761,-46,-80.3287,29.761,-46,84032.63,Atlantic,Intermediate,Intermediate,FALSE,FALSE,Intermediate,Intermediate_Atlantic,NA,Tursiops erebennus
13Tt008,8/12/2001,2019,30.2033,-81.0239,August,2001,biopsy,M,PRJNA1289198,-81.0239,30.2033,-26,-81.0239,30.2033,-26,33187.66,Atlantic,Intermediate,Intermediate,FALSE,FALSE,Intermediate,Intermediate_Atlantic,NA,Tursiops erebennus
13Tt013,8/16/2001,2019,30.4723,-80.8091,August,2001,biopsy,F,PRJNA1289198,-80.8091,30.4723,-26,-80.8091,30.4723,-26,58744.13,Atlantic,Intermediate,Intermediate,FALSE,FALSE,Intermediate,Intermediate_Atlantic,NA,Tursiops erebennus
13Tt036,8/15/2001,2019,35.7701,-75.5631,August,2001,biopsy,M,PRJNA1227152,-75.5631,35.7701,-5,-75.5631,35.7701,-5,10700.38,Atlantic,Coastal_Atlantic,Coastal_Atlantic,FALSE,FALSE,Coastal_Atlantic,Coastal_Atlantic,NA,Tursiops erebennus
13Tt038,8/7/2001,2019,34.9472,-75.2947,August,2001,biopsy,M,PRJNA1289198,-75.2947,34.9472,-255,-75.2947,34.9472,-255,41913.45,Atlantic,Offshore,Offshore,FALSE,FALSE,Offshore,Offshore_Atlantic,NA,Tursiops truncatus
13Tt041,8/14/2001,2019,36.1573,-75.7237,August,2001,biopsy,F,PRJNA1227152,-75.7237,36.1573,-10,-75.7237,36.1573,-10,1729.75,Atlantic,Coastal_Atlantic,Coastal_Atlantic,FALSE,FALSE,Coastal_Atlantic,Coastal_Atlantic,NA,Tursiops erebennus
13Tt042,8/17/2001,2019,35.0305,-76.0171,August,2001,biopsy,F,PRJNA1227152,-76.0171,35.0305,-11,-76.0171,35.0305,-11,24686.34,Atlantic,Coastal_Atlantic,Coastal_Atlantic,FALSE,FALSE,Coastal_Atlantic,Coastal_Atlantic,NA,Tursiops erebennus
13Tt045,8/16/2001,2019,35.8821,-75.5693,August,2001,biopsy,M,PRJNA1227152,-75.5693,35.8821,-10,-75.5693,35.8821,-10,1160.02,Atlantic,Coastal_Atlantic,Coastal_Atlantic,FALSE,FALSE,Coastal_Atlantic,Coastal_Atlantic,NA,Tursiops erebennus
13Tt056,8/30/2001,2018,33.91,-76.58,August,2001,biopsy,M,PRJNA1289198,-76.58,33.91,-40,-76.58,33.91,-40,90999.57,Atlantic,Intermediate,Intermediate,FALSE,FALSE,Intermediate,Intermediate_Atlantic,NA,Tursiops erebennus
13Tt066,8/6/2002,2019,34.3803,-77.3205,August,2002,biopsy,M,PRJNA1289198,-77.3205,34.3803,-17,-77.3205,34.3803,-17,18251,Atlantic,Intermediate,Intermediate,FALSE,FALSE,Intermediate,Intermediate_Atlantic,NA,Tursiops erebennus
13Tt073,8/12/2002,2019,33.6701,-78.2068,August,2002,biopsy,F,PRJNA1289198,-78.2068,33.6701,-18,-78.2068,33.6701,-18,29767.82,Atlantic,Intermediate,Offshore,TRUE,TRUE,Intermediate,Intermediate_Atlantic,F2,Tursiops erebennus
13Tt087,8/18/2002,2019,33.3861,-79.1261,August,2002,biopsy,M,PRJNA1227152,-79.1261,33.3861,-7,-79.1261,33.3861,-7,2910.22,Atlantic,Coastal_Atlantic,Coastal_Atlantic,FALSE,FALSE,Coastal_Atlantic,Coastal_Atlantic,NA,Tursiops erebennus
13Tt089,8/18/2002,2019,33.3658,-79.132,August,2002,biopsy,M,PRJNA1227152,-79.132,33.3658,-7,-79.132,33.3658,-7,3631,Atlantic,Coastal_Atlantic,Coastal_Atlantic,FALSE,FALSE,Coastal_Atlantic,Coastal_Atlantic,NA,Tursiops erebennus
13Tt092,8/6/2002,2019 (sent 13Tt098 DNA),34.1416,-77.0559,August,2002,biopsy,F,PRJNA1289198,-77.0559,34.1416,-29,-77.0559,34.1416,-29,52778,Atlantic,Intermediate,Intermediate,FALSE,FALSE,Intermediate,Intermediate_Atlantic,NA,Tursiops erebennus
13Tt105,8/16/2002,2019,33.8588,-78.516,August,2002,biopsy,M,PRJNA1227152,-78.516,33.8588,-4,-78.516,33.8588,-4,3261.12,Atlantic,Coastal_Atlantic,Coastal_Atlantic,FALSE,FALSE,Coastal_Atlantic,Coastal_Atlantic,NA,Tursiops erebennus
13Tt109,8/20/2002,2019,33.3639,-79.1392,August,2002,biopsy,F,PRJNA1227152,-79.1392,33.3639,-6,-79.1392,33.3639,-6,3171.7,Atlantic,Coastal_Atlantic,Coastal_Atlantic,FALSE,FALSE,Coastal_Atlantic,Coastal_Atlantic,NA,Tursiops erebennus
13Tt111,8/21/2002,2019,33.5287,-79.0073,August,2002,biopsy,F,PRJNA1227152,-79.0073,33.5287,-7,-79.0073,33.5287,-7,3970.46,Atlantic,Coastal_Atlantic,Coastal_Atlantic,FALSE,FALSE,Coastal_Atlantic,Coastal_Atlantic,NA,Tursiops erebennus
13Tt121,11/9/2002,2019,33.9021,-78.2717,November,2002,biopsy,F,PRJNA1227152,-78.2717,33.9021,-9,-78.2717,33.9021,-9,3409.46,Atlantic,Coastal_Atlantic,Coastal_Atlantic,FALSE,FALSE,Coastal_Atlantic,Coastal_Atlantic,NA,Tursiops erebennus
13Tt126,11/9/2002,2019,33.8843,-78.2634,November,2002,biopsy,F,PRJNA1227152,-78.2634,33.8843,-10,-78.2634,33.8843,-10,5490.98,Atlantic,Coastal_Atlantic,Coastal_Atlantic,FALSE,FALSE,Coastal_Atlantic,Coastal_Atlantic,NA,Tursiops erebennus
13Tt140,11/20/2002,2019,33.8998,-78.3348,November,2002,biopsy,F,PRJNA1227152,-78.3348,33.8998,-8,-78.3348,33.8998,-8,3258.62,Atlantic,Coastal_Atlantic,Coastal_Atlantic,FALSE,FALSE,Coastal_Atlantic,Coastal_Atlantic,NA,Tursiops erebennus
13Tt142,11/20/2002,2019,33.8967,-78.3082,November,2002,biopsy,M,PRJNA1227152,-78.3082,33.8967,-9,-78.3082,33.8967,-9,3632.52,Atlantic,Coastal_Atlantic,Coastal_Atlantic,FALSE,FALSE,Coastal_Atlantic,Coastal_Atlantic,NA,Tursiops erebennus
13Tt151,11/21/2002,2019,33.8879,-78.3402,November,2002,biopsy,F,PRJNA1227152,-78.3402,33.8879,-9,-78.3402,33.8879,-9,4582.14,Atlantic,Coastal_Atlantic,Coastal_Atlantic,FALSE,FALSE,Coastal_Atlantic,Coastal_Atlantic,NA,Tursiops erebennus
13Tt187,3/13/2003,2019,33.9609,-76.8017,March,2003,biopsy,M,PRJNA1289198,-76.8017,33.9609,-36,-76.8017,33.9609,-36,82066.48,Atlantic,Intermediate,Intermediate,FALSE,FALSE,Intermediate,Intermediate_Atlantic,NA,Tursiops erebennus
13Tt201,3/25/2003,2019,34.2485,-76.4039,March,2003,biopsy,M,PRJNA1289198,-76.4039,34.2485,-32,-76.4039,34.2485,-32,55161.12,Atlantic,Intermediate,Intermediate,FALSE,FALSE,Intermediate,Intermediate_Atlantic,NA,Tursiops erebennus
13Tt203,2/28/2003,2019,33.8878,-78.0281,February,2003,biopsy,F,PRJNA1227152,-78.0281,33.8878,-6,-78.0281,33.8878,-6,4869.24,Atlantic,Coastal_Atlantic,Coastal_Atlantic,FALSE,FALSE,Coastal_Atlantic,Coastal_Atlantic,NA,Tursiops erebennus
14Tt383,9/17/2015,2018,31.0343,-81.4378,September,2015,live capture,M,PRJNA1289198,-81.4378,31.0343,-5,-81.4378,31.0343,-5,3703.16,Atlantic,Coastal_Atlantic,Coastal_Atlantic,FALSE,FALSE,Coastal_Atlantic,Coastal_Atlantic,NA,Tursiops erebennus
14Tt385,9/19/2015,2018,31.0424,-81.4543,September,2015,live capture,M,PRJNA1289198,-81.4543,31.0424,-4,-81.4543,31.0424,-4,3574.69,Atlantic,Coastal_Atlantic,Coastal_Atlantic,FALSE,FALSE,Coastal_Atlantic,Coastal_Atlantic,NA,Tursiops erebennus
14Tt386,9/19/2015,2018,31.0236,-81.4529,September,2015,live capture,M,PRJNA1289198,-81.4529,31.0236,-7,-81.4529,31.0236,-7,3546.68,Atlantic,Coastal_Atlantic,Coastal_Atlantic,FALSE,FALSE,Coastal_Atlantic,Coastal_Atlantic,NA,Tursiops erebennus
14Tt394,9/24/2015,2018,31.1164,-81.5215,September,2015,live capture,F,PRJNA1289198,-81.5215,31.1164,1,-81.51458333,31.12291667,-8,2396.7,Atlantic,Coastal_Atlantic,Coastal_Atlantic,FALSE,FALSE,Coastal_Atlantic,Coastal_Atlantic,NA,Tursiops erebennus
14Tt395,9/24/2015,2018,31.1164,-81.5215,September,2015,live capture,M,PRJNA1289198,-81.5215,31.1164,1,-81.51458333,31.12291667,-8,2396.7,Atlantic,Coastal_Atlantic,Coastal_Atlantic,FALSE,FALSE,Coastal_Atlantic,Coastal_Atlantic,NA,Tursiops erebennus
16Tt135,9/20/2006,2019,30.3336,-89.0854,September,2006,biopsy,F,PRJNA1289198,-89.0854,30.3336,-10,-89.0854,30.3336,-10,4201.18,Gulf,Coastal_Gulf,Coastal_Gulf,FALSE,FALSE,Coastal_Gulf,Coastal_Gulf,NA,Tursiops erebennus
16Tt244,8/15/2013,2019 (sent 16Tt252 DNA),30.314,-89.2922,August,2013,biopsy,F,PRJNA1289198,-89.2922,30.314,-4,-89.2922,30.314,-4,851.5,Gulf,Coastal_Gulf,Coastal_Gulf,FALSE,FALSE,Coastal_Gulf,Coastal_Gulf,NA,Tursiops erebennus
19Tt005,12/8/2003,2019,27.408,-82.6137,December,2003,biopsy,F,PRJNA1289198,-82.6137,27.408,-6,-82.6137,27.408,-6,2247.88,Gulf,Coastal_Gulf,Coastal_Gulf,FALSE,FALSE,Coastal_Gulf,Coastal_Gulf,NA,Tursiops erebennus
19Tt010,1/14/2004,2019,27.3593,-82.5748,January,2004,biopsy,M,PRJNA1289198,-82.5748,27.3593,-7,-82.5748,27.3593,-7,1119.27,Gulf,Coastal_Gulf,Coastal_Gulf,FALSE,FALSE,Coastal_Gulf,Coastal_Gulf,NA,Tursiops erebennus
22Tt007,8/21/2007,2019,30.4274,-86.3812,August,2007,biopsy,M,PRJNA1289198,-86.3812,30.4274,-8,-86.3812,30.4274,-8,4572.63,Gulf,Coastal_Gulf,Coastal_Gulf,FALSE,FALSE,Coastal_Gulf,Coastal_Gulf,NA,Tursiops erebennus
22Tt011,8/22/2007,2019,30.4232,-86.4865,August,2007,biopsy,F,PRJNA1289198,-86.4865,30.4232,-6,-86.4865,30.4232,-6,6174.76,Gulf,Coastal_Gulf,Coastal_Gulf,FALSE,FALSE,Coastal_Gulf,Coastal_Gulf,NA,Tursiops erebennus
22Tt017,8/24/2007,2019,30.4276,-86.5944,August,2007,biopsy,F,PRJNA1289198,-86.5944,30.4276,-2,-86.5944,30.4276,-2,700.02,Gulf,Coastal_Gulf,Coastal_Gulf,FALSE,FALSE,Coastal_Gulf,Coastal_Gulf,NA,Tursiops erebennus
22Tt029,8/27/2007,2019,30.4033,-86.177,August,2007,biopsy,M,PRJNA1289198,-86.177,30.4033,-3,-86.177,30.4033,-3,236.1,Gulf,Coastal_Gulf,Coastal_Gulf,FALSE,FALSE,Coastal_Gulf,Coastal_Gulf,NA,Tursiops erebennus
22Tt046,8/23/2007,2019,30.4523,-86.384,August,2007,biopsy,F,PRJNA1289198,-86.384,30.4523,-7,-86.384,30.4523,-7,2037.82,Gulf,Coastal_Gulf,Coastal_Gulf,FALSE,FALSE,Coastal_Gulf,Coastal_Gulf,NA,Tursiops erebennus
22Tt049,8/24/2007,2019,30.4062,-86.2837,August,2007,biopsy,M,PRJNA1289198,-86.2837,30.4062,-3,-86.2837,30.4062,-3,975.02,Gulf,Coastal_Gulf,Coastal_Gulf,FALSE,FALSE,Coastal_Gulf,Coastal_Gulf,NA,Tursiops erebennus
22Tt060,8/29/2007,2019,30.4368,-86.2551,August,2007,biopsy,F,PRJNA1289198,-86.2551,30.4368,-3,-86.2551,30.4368,-3,1468.74,Gulf,Coastal_Gulf,Coastal_Gulf,FALSE,FALSE,Coastal_Gulf,Coastal_Gulf,NA,Tursiops erebennus
22Tt085,11/9/2010,2019,30.4274,-86.586,November,2010,biopsy,M,PRJNA1289198,-86.586,30.4274,-2,-86.586,30.4274,-2,1329.11,Gulf,Coastal_Gulf,Coastal_Gulf,FALSE,FALSE,Coastal_Gulf,Coastal_Gulf,NA,Tursiops erebennus
24Tt005,5/11/2010,2018,29.271,-89.9563,May,2010,biopsy,M,PRJNA1289198,-89.9563,29.271,-2,-89.9563,29.271,-2,16030.11,Gulf,Coastal_Gulf,Coastal_Gulf,FALSE,FALSE,Coastal_Gulf,Coastal_Gulf,NA,Tursiops erebennus
24Tt009,5/12/2010,2018,29.2541,-89.9757,May,2010,biopsy,F,PRJNA1289198,-89.9757,29.2541,1,-89.97708333,29.26041667,-1,14565.24,Gulf,Coastal_Gulf,Coastal_Gulf,FALSE,FALSE,Coastal_Gulf,Coastal_Gulf,NA,Tursiops erebennus
24Tt012,5/12/2010,2018,29.2753,-89.9525,May,2010,biopsy,M,PRJNA1289198,-89.9525,29.2753,-3,-89.9525,29.2753,-3,16033.94,Gulf,Coastal_Gulf,Coastal_Gulf,FALSE,FALSE,Coastal_Gulf,Coastal_Gulf,NA,Tursiops erebennus
24Tt014,5/13/2010,2018,29.2651,-89.9694,May,2010,biopsy,M,PRJNA1289198,-89.9694,29.2651,-2,-89.9694,29.2651,-2,15387.74,Gulf,Coastal_Gulf,Coastal_Gulf,FALSE,FALSE,Coastal_Gulf,Coastal_Gulf,NA,Tursiops erebennus
24Tt018,8/14/2010,2018,29.2742,-89.954,August,2010,biopsy,F,PRJNA1289198,-89.954,29.2742,-4,-89.954,29.2742,-4,15989.79,Gulf,Coastal_Gulf,Coastal_Gulf,FALSE,FALSE,Coastal_Gulf,Coastal_Gulf,NA,Tursiops erebennus
24Tt079,2/21/2012,2019 (sent 24Tt148 DNA),29.2486,-90.0268,February,2012,biopsy,F,PRJNA1289198,-90.0268,29.2486,2,-90.03125,29.24791667,-1,9148.36,Gulf,Coastal_Gulf,Coastal_Gulf,FALSE,FALSE,Coastal_Gulf,Coastal_Gulf,NA,Tursiops erebennus
24Tt010,9/18/2017,2018,29.2199,-90.0267,September,2017,live capture,F,PRJNA1289198,-90.0267,29.2199,2,-90.02708333,29.22291667,-1,9029.29,Gulf,Coastal_Gulf,Coastal_Gulf,FALSE,FALSE,Coastal_Gulf,Coastal_Gulf,NA,Tursiops erebennus
24Tt164,6/15/2017,2019,29.3007,-90.0453,June,2017,live capture,F,PRJNA1289198,-90.0453,29.3007,2,-90.03958333,29.29791667,-1,8264.58,Gulf,Coastal_Gulf,Coastal_Gulf,FALSE,FALSE,Coastal_Gulf,Coastal_Gulf,NA,Tursiops erebennus
24Tt167,6/16/2017,2019,29.3853,-90.0481,June,2017,live capture,M,PRJNA1289198,-90.0481,29.3853,-1,-90.0481,29.3853,-1,3556.08,Gulf,Coastal_Gulf,Coastal_Gulf,FALSE,FALSE,Coastal_Gulf,Coastal_Gulf,NA,Tursiops erebennus
24Tt170,6/19/2017,2019,29.4634,-89.919,June,2017,live capture,F,PRJNA1289198,-89.919,29.4634,1,-89.92291667,29.46458333,-1,3568.82,Gulf,Coastal_Gulf,Coastal_Gulf,FALSE,FALSE,Coastal_Gulf,Coastal_Gulf,NA,Tursiops erebennus
24Tt173,6/23/2017,2019,29.348,-89.9876,June,2017,live capture,M,PRJNA1289198,-89.9876,29.348,-2,-89.9876,29.348,-2,9617.3,Gulf,Coastal_Gulf,Coastal_Gulf,FALSE,FALSE,Coastal_Gulf,Coastal_Gulf,NA,Tursiops erebennus
26Tt309,8/21/2013,2018,29.2229,-90.0088,August,2013,stranding,F,PRJNA1289198,-90.0088,29.2229,stranding,-90.0088,29.2229,stranding,stranding,Gulf,Coastal_Gulf,Coastal_Gulf,FALSE,FALSE,Coastal_Gulf,Coastal_Gulf,NA,Tursiops erebennus
26Tt313,4/29/2013,2018,29.1558,-90.106,April,2013,stranding,F,PRJNA1289198,-90.106,29.1558,stranding,-90.106,29.1558,stranding,stranding,Gulf,Coastal_Gulf,Coastal_Gulf,FALSE,FALSE,Coastal_Gulf,Coastal_Gulf,NA,Tursiops erebennus
27Tt026,9/9/2010,2019,30.2577,-88.7025,September,2010,biopsy,M,PRJNA1289198,-88.7025,30.2577,-3,-88.7025,30.2577,-3,10241.43,Gulf,Coastal_Gulf,Coastal_Gulf,FALSE,FALSE,Coastal_Gulf,Coastal_Gulf,NA,Tursiops erebennus
27Tt063,8/28/2011,2019,30.337,-88.4174,August,2011,biopsy,M,PRJNA1289198,-88.4174,30.337,-1,-88.4174,30.337,-1,5091.71,Gulf,Coastal_Gulf,Coastal_Gulf,FALSE,FALSE,Coastal_Gulf,Coastal_Gulf,NA,Tursiops erebennus
27Tt113,7/26/2013,2019,30.3547,-88.6638,July,2013,live capture,M,PRJNA1289198,-88.6638,30.3547,-2,-88.6638,30.3547,-2,1286.3,Gulf,Coastal_Gulf,Coastal_Gulf,FALSE,FALSE,Coastal_Gulf,Coastal_Gulf,NA,Tursiops erebennus
2Tt150,11/11/1999,2019,34.6815,-76.5971,November,1999,live capture,F,PRJNA1227152,-76.5971,34.6815,-1,-76.5971,34.6815,-1,6394.14,Atlantic,Coastal_Atlantic,Coastal_Atlantic,FALSE,FALSE,Coastal_Atlantic,Coastal_Atlantic,NA,Tursiops erebennus
2Tt155,11/11/1999,2019,34.7166,-76.5131,November,1999,live capture,F,PRJNA1227152,-76.5131,34.7166,-1,-76.5131,34.7166,-1,2803.21,Atlantic,Coastal_Atlantic,Coastal_Atlantic,FALSE,FALSE,Coastal_Atlantic,Coastal_Atlantic,NA,Tursiops erebennus
2Tt156,11/9/1999,2018,34.6033,-76.5417,November,1999,live capture,M,PRJNA1289198,-76.5417,34.6033,-1,-76.5417,34.6033,-1,14264.48,Atlantic,Coastal_Atlantic,Coastal_Atlantic,FALSE,FALSE,Coastal_Atlantic,Coastal_Atlantic,NA,Tursiops erebennus
2Tt219,9/27/2001,2019,34.7689,-76.6823,September,2001,biopsy,F,PRJNA1227152,-76.6823,34.7689,-5,-76.6823,34.7689,-5,1275.44,Atlantic,Coastal_Atlantic,Coastal_Atlantic,FALSE,FALSE,Coastal_Atlantic,Coastal_Atlantic,NA,Tursiops erebennus
2Tt237,10/22/2001,2019,34.6808,-76.511,October,2001,biopsy,F,PRJNA1227152,-76.511,34.6808,-1,-76.511,34.6808,-1,6459.21,Atlantic,Coastal_Atlantic,Coastal_Atlantic,FALSE,FALSE,Coastal_Atlantic,Coastal_Atlantic,NA,Tursiops erebennus
2Tt246,10/31/2001,2019,33.9005,-78.1636,October,2001,biopsy,F,PRJNA1227152,-78.1636,33.9005,-9,-78.1636,33.9005,-9,4149.72,Atlantic,Coastal_Atlantic,Coastal_Atlantic,FALSE,FALSE,Coastal_Atlantic,Coastal_Atlantic,NA,Tursiops erebennus
2Tt250,11/1/2001,2019,33.884,-78.0664,November,2001,biopsy,M,PRJNA1227152,-78.0664,33.884,-8,-78.0664,33.884,-8,5055.61,Atlantic,Coastal_Atlantic,Coastal_Atlantic,FALSE,FALSE,Coastal_Atlantic,Coastal_Atlantic,NA,Tursiops erebennus
2Tt251,11/1/2001,2019,33.8989,-78.1265,November,2001,biopsy,F,PRJNA1227152,-78.1265,33.8989,-10,-78.1265,33.8989,-10,4081.94,Atlantic,Coastal_Atlantic,Coastal_Atlantic,FALSE,FALSE,Coastal_Atlantic,Coastal_Atlantic,NA,Tursiops erebennus
2Tt252,11/1/2001,2019,33.9048,-78.1116,November,2001,biopsy,M,PRJNA1227152,-78.1116,33.9048,-4,-78.1116,33.9048,-4,3283.15,Atlantic,Coastal_Atlantic,Coastal_Atlantic,FALSE,FALSE,Coastal_Atlantic,Coastal_Atlantic,NA,Tursiops erebennus
2Tt255,11/8/2001,2019,34.7587,-76.6792,November,2001,biopsy,F,PRJNA1227152,-76.6792,34.7587,-5,-76.6792,34.7587,-5,1340.76,Atlantic,Coastal_Atlantic,Coastal_Atlantic,FALSE,FALSE,Coastal_Atlantic,Coastal_Atlantic,NA,Tursiops erebennus
2Tt261,6/26/2001,2019,34.6481,-76.5702,June,2001,biopsy,M,PRJNA1227152,-76.5702,34.6481,-9,-76.5702,34.6481,-9,9576.72,Atlantic,Coastal_Atlantic,Coastal_Atlantic,FALSE,FALSE,Coastal_Atlantic,Coastal_Atlantic,NA,Tursiops erebennus
2Tt264,6/27/2001,2019,34.6487,-76.6818,June,2001,biopsy,M,PRJNA1227152,-76.6818,34.6487,-12,-76.6818,34.6487,-12,9480.96,Atlantic,Coastal_Atlantic,Coastal_Atlantic,FALSE,FALSE,Coastal_Atlantic,Coastal_Atlantic,NA,Tursiops erebennus
2Tt267,2/9/2002,2019,34.4449,-76.0028,February,2002,biopsy,M,PRJNA1289198,-76.0028,34.4449,-51,-76.0028,34.4449,-51,57269.59,Atlantic,Offshore,Offshore,FALSE,FALSE,Offshore,Offshore_Atlantic,NA,Tursiops truncatus
2Tt449,11/5/2004,2019,33.8955,-78.3862,November,2004,live capture,M,PRJNA1227152,-78.3862,33.8955,-2,-78.3862,33.8955,-2,3113.55,Atlantic,Coastal_Atlantic,Coastal_Atlantic,FALSE,FALSE,Coastal_Atlantic,Coastal_Atlantic,NA,Tursiops erebennus
2Tt462,7/2/2002,2019 (sent 2Tt730 DNA),34.6583,-76.6041,July,2002,biopsy,M,PRJNA1227152,-76.6041,34.6583,-7,-76.6041,34.6583,-7,8620.54,Atlantic,Coastal_Atlantic,Coastal_Atlantic,FALSE,FALSE,Coastal_Atlantic,Coastal_Atlantic,NA,Tursiops erebennus
2Tt466,7/3/2002,2019,34.6631,-76.6434,July,2002,biopsy,M,PRJNA1227152,-76.6434,34.6631,-8,-76.6434,34.6631,-8,7264.68,Atlantic,Coastal_Atlantic,Coastal_Atlantic,FALSE,FALSE,Coastal_Atlantic,Coastal_Atlantic,NA,Tursiops erebennus
2Tt483,6/2/2010,2019,35.3837,-76.4509,June,2010,biopsy,M,PRJNA1227152,-76.4509,35.3837,-2,-76.4509,35.3837,-2,5139.53,Atlantic,Coastal_Atlantic,Coastal_Atlantic,FALSE,FALSE,Coastal_Atlantic,Coastal_Atlantic,NA,Tursiops erebennus
2Tt484,6/4/2010,2019,35.389,-76.5055,June,2010,biopsy,M,PRJNA1227152,-76.5055,35.389,-2,-76.5055,35.389,-2,4613.31,Atlantic,Coastal_Atlantic,Coastal_Atlantic,FALSE,FALSE,Coastal_Atlantic,Coastal_Atlantic,NA,Tursiops erebennus
2Tt485,6/4/2010,2019,35.3779,-76.4911,June,2010,biopsy,F,PRJNA1227152,-76.4911,35.3779,1,-76.49375,35.37708333,-2,5456.54,Atlantic,Coastal_Atlantic,Coastal_Atlantic,FALSE,FALSE,Coastal_Atlantic,Coastal_Atlantic,NA,Tursiops erebennus
2Tt486,7/15/2010,2019,35.8408,-75.662,July,2010,biopsy,F,PRJNA1227152,-75.662,35.8408,2,-75.66458333,35.83958333,-2,3612.17,Atlantic,Coastal_Atlantic,Coastal_Atlantic,FALSE,FALSE,Coastal_Atlantic,Coastal_Atlantic,NA,Tursiops erebennus
2Tt487,7/15/2010,2019,35.8182,-75.661,July,2010,biopsy,F,PRJNA1227152,-75.661,35.8182,-3,-75.661,35.8182,-3,5680.71,Atlantic,Coastal_Atlantic,Coastal_Atlantic,FALSE,FALSE,Coastal_Atlantic,Coastal_Atlantic,NA,Tursiops erebennus
2Tt488,7/15/2010,2019,35.911,-75.7113,July,2010,biopsy,F,PRJNA1227152,-75.7113,35.911,-4,-75.7113,35.911,-4,2890.15,Atlantic,Coastal_Atlantic,Coastal_Atlantic,FALSE,FALSE,Coastal_Atlantic,Coastal_Atlantic,NA,Tursiops erebennus
2Tt490,7/15/2010,2019,35.893,-75.6905,July,2010,biopsy,F,PRJNA1227152,-75.6905,35.893,0,-75.69791667,35.88958333,-3.64E-12,3888.23,Atlantic,Coastal_Atlantic,Coastal_Atlantic,FALSE,FALSE,Coastal_Atlantic,Coastal_Atlantic,NA,Tursiops erebennus
2Tt493,8/10/2010,2019,35.8214,-75.6031,August,2010,biopsy,M,PRJNA1227152,-75.6031,35.8214,-4,-75.6031,35.8214,-4,5456.47,Atlantic,Coastal_Atlantic,Coastal_Atlantic,FALSE,FALSE,Coastal_Atlantic,Coastal_Atlantic,NA,Tursiops erebennus
2Tt494,8/13/2010,2019,35.8998,-75.7508,August,2010,biopsy,F,PRJNA1227152,-75.7508,35.8998,-4,-75.7508,35.8998,-4,1261.66,Atlantic,Coastal_Atlantic,Coastal_Atlantic,FALSE,FALSE,Coastal_Atlantic,Coastal_Atlantic,NA,Tursiops erebennus
2Tt495,8/13/2010,2019,35.8982,-75.7248,August,2010,biopsy,M,PRJNA1227152,-75.7248,35.8982,-5,-75.7248,35.8982,-5,3505.64,Atlantic,Coastal_Atlantic,Coastal_Atlantic,FALSE,FALSE,Coastal_Atlantic,Coastal_Atlantic,NA,Tursiops erebennus
2Tt497,8/16/2010,2019,35.7933,-75.665,August,2010,biopsy,F,PRJNA1227152,-75.665,35.7933,-2,-75.665,35.7933,-2,6659.01,Atlantic,Coastal_Atlantic,Coastal_Atlantic,FALSE,FALSE,Coastal_Atlantic,Coastal_Atlantic,NA,Tursiops erebennus
2Tt498,8/16/2010,2019,35.7635,-75.698,August,2010,biopsy,M,PRJNA1227152,-75.698,35.7635,-2,-75.698,35.7635,-2,3410.71,Atlantic,Coastal_Atlantic,Coastal_Atlantic,FALSE,FALSE,Coastal_Atlantic,Coastal_Atlantic,NA,Tursiops erebennus
2Tt500,8/16/2010,2019,35.7536,-75.7321,August,2010,biopsy,F,PRJNA1227152,-75.7321,35.7536,1,-75.72708333,35.75625,-1,722.16,Atlantic,Coastal_Atlantic,Coastal_Atlantic,FALSE,FALSE,Coastal_Atlantic,Coastal_Atlantic,NA,Tursiops erebennus
2Tt501,8/16/2010,2019,35.7888,-75.7245,August,2010,biopsy,M,PRJNA1227152,-75.7245,35.7888,-2,-75.7245,35.7888,-2,1264.03,Atlantic,Coastal_Atlantic,Coastal_Atlantic,FALSE,FALSE,Coastal_Atlantic,Coastal_Atlantic,NA,Tursiops erebennus
2Tt504,8/17/2010,2019,35.9648,-75.654,August,2010,biopsy,M,PRJNA1227152,-75.654,35.9648,1,-75.65625,35.96458333,-3,1918.49,Atlantic,Coastal_Atlantic,Coastal_Atlantic,FALSE,FALSE,Coastal_Atlantic,Coastal_Atlantic,NA,Tursiops erebennus
2Tt505,8/17/2010,2019,35.9935,-75.6946,August,2010,biopsy,M,PRJNA1227152,-75.6946,35.9935,-4,-75.6946,35.9935,-4,2832.7,Atlantic,Coastal_Atlantic,Coastal_Atlantic,FALSE,FALSE,Coastal_Atlantic,Coastal_Atlantic,NA,Tursiops erebennus
2Tt507,8/17/2010,2019,35.9124,-75.6453,August,2010,biopsy,F,PRJNA1227152,-75.6453,35.9124,-3,-75.6453,35.9124,-3,2.36,Atlantic,Coastal_Atlantic,Coastal_Atlantic,FALSE,FALSE,Coastal_Atlantic,Coastal_Atlantic,NA,Tursiops erebennus
2Tt509,8/17/2010,2019,35.9248,-75.6513,August,2010,biopsy,M,PRJNA1227152,-75.6513,35.9248,-3,-75.6513,35.9248,-3,1350.39,Atlantic,Coastal_Atlantic,Coastal_Atlantic,FALSE,FALSE,Coastal_Atlantic,Coastal_Atlantic,NA,Tursiops erebennus
2Tt510,8/18/2010,2019,35.9885,-75.7206,August,2010,biopsy,F,PRJNA1227152,-75.7206,35.9885,-3,-75.7206,35.9885,-3,4874.36,Atlantic,Coastal_Atlantic,Coastal_Atlantic,FALSE,FALSE,Coastal_Atlantic,Coastal_Atlantic,NA,Tursiops erebennus
2Tt512,8/20/2010,2019,35.7918,-75.6421,August,2010,biopsy,F,PRJNA1227152,-75.6421,35.7918,-3,-75.6421,35.7918,-3,8399.81,Atlantic,Coastal_Atlantic,Coastal_Atlantic,FALSE,FALSE,Coastal_Atlantic,Coastal_Atlantic,NA,Tursiops erebennus
2Tt513,8/23/2010,2019,36.0565,-75.7818,August,2010,biopsy,F,PRJNA1227152,-75.7818,36.0565,-2,-75.7818,36.0565,-2,6066.04,Atlantic,Coastal_Atlantic,Coastal_Atlantic,FALSE,FALSE,Coastal_Atlantic,Coastal_Atlantic,NA,Tursiops erebennus
2Tt516,8/23/2010,2019,36.0414,-75.7534,August,2010,biopsy,F,PRJNA1227152,-75.7534,36.0414,-3,-75.7534,36.0414,-3,3314.79,Atlantic,Coastal_Atlantic,Coastal_Atlantic,FALSE,FALSE,Coastal_Atlantic,Coastal_Atlantic,NA,Tursiops erebennus
2Tt518,8/23/2010,2019,35.8468,-75.6111,August,2010,biopsy,M,PRJNA1227152,-75.6111,35.8468,-2,-75.6111,35.8468,-2,3396.34,Atlantic,Coastal_Atlantic,Coastal_Atlantic,FALSE,FALSE,Coastal_Atlantic,Coastal_Atlantic,NA,Tursiops erebennus
2Tt520,8/24/2010,2019,35.9788,-75.6735,August,2010,biopsy,M,PRJNA1227152,-75.6735,35.9788,0,-75.67708333,35.97708333,-3,2195.04,Atlantic,Coastal_Atlantic,Coastal_Atlantic,FALSE,FALSE,Coastal_Atlantic,Coastal_Atlantic,NA,Tursiops erebennus
2Tt525,7/1/2011,2019,35.7334,-75.4808,July,2011,biopsy,M,PRJNA1227152,-75.4808,35.7334,-10,-75.4808,35.7334,-10,17087.35,Atlantic,Coastal_Atlantic,Coastal_Atlantic,FALSE,FALSE,Coastal_Atlantic,Coastal_Atlantic,NA,Tursiops erebennus
2Tt527,7/30/2011,2019,35.0974,-75.9503,July,2011,biopsy,M,PRJNA1227152,-75.9503,35.0974,-3,-75.9503,35.0974,-3,32851.64,Atlantic,Coastal_Atlantic,Coastal_Atlantic,FALSE,FALSE,Coastal_Atlantic,Coastal_Atlantic,NA,Tursiops erebennus
2Tt528,7/30/2011,2019,35.0874,-75.9628,July,2011,biopsy,M,PRJNA1227152,-75.9628,35.0874,-6,-75.9628,35.0874,-6,31401.85,Atlantic,Coastal_Atlantic,Coastal_Atlantic,FALSE,FALSE,Coastal_Atlantic,Coastal_Atlantic,NA,Tursiops erebennus
2Tt530,8/2/2011,2019,35.1642,-75.8171,August,2011,biopsy,M,PRJNA1227152,-75.8171,35.1642,3,-75.81458333,35.16458333,-1,22365.75,Atlantic,Coastal_Atlantic,Coastal_Atlantic,FALSE,FALSE,Coastal_Atlantic,Coastal_Atlantic,NA,Tursiops erebennus
2Tt532,8/2/2011,2019,35.1399,-75.8635,August,2011,biopsy,F,PRJNA1227152,-75.8635,35.1399,-6,-75.8635,35.1399,-6,27596.8,Atlantic,Coastal_Atlantic,Coastal_Atlantic,FALSE,FALSE,Coastal_Atlantic,Coastal_Atlantic,NA,Tursiops erebennus
2Tt534,8/2/2011,2018 & 2019,35.204,-75.679,August,2011,biopsy,M,PRJNA1227152,-75.679,35.204,-11,-75.679,35.204,-11,9994.49,Atlantic,Coastal_Atlantic,Coastal_Atlantic,FALSE,FALSE,Coastal_Atlantic,Coastal_Atlantic,NA,Tursiops erebennus
2Tt537,8/17/2011,2019,35.6721,-75.4764,August,2011,biopsy,F,PRJNA1227152,-75.4764,35.6721,-5,-75.4764,35.6721,-5,23351.62,Atlantic,Coastal_Atlantic,Coastal_Atlantic,FALSE,FALSE,Coastal_Atlantic,Coastal_Atlantic,NA,Tursiops erebennus
2Tt538,8/18/2011,2019,35.8053,-75.5219,August,2011,biopsy,F,PRJNA1227152,-75.5219,35.8053,-12,-75.5219,35.8053,-12,8375.26,Atlantic,Coastal_Atlantic,Coastal_Atlantic,FALSE,FALSE,Coastal_Atlantic,Coastal_Atlantic,NA,Tursiops erebennus
2Tt541,8/19/2011,2019,35.831,-75.4984,August,2011,biopsy,M,PRJNA1227152,-75.4984,35.831,-19,-75.4984,35.831,-19,8105.08,Atlantic,Coastal_Atlantic,Coastal_Atlantic,FALSE,FALSE,Coastal_Atlantic,Coastal_Atlantic,NA,Tursiops erebennus
2Tt543,8/19/2011,2019,35.8198,-75.5016,August,2011,biopsy,M,PRJNA1227152,-75.5016,35.8198,-18,-75.5016,35.8198,-18,8533.36,Atlantic,Coastal_Atlantic,Coastal_Atlantic,FALSE,FALSE,Coastal_Atlantic,Coastal_Atlantic,NA,Tursiops erebennus
2Tt545b,8/19/2011,2018,35.7997,-75.5276,August,2011,biopsy,M,PRJNA1289198,-75.5276,35.7997,-4,-75.5276,35.7997,-4,8602.03,Atlantic,Coastal_Atlantic,Coastal_Atlantic,FALSE,FALSE,Coastal_Atlantic,Coastal_Atlantic,NA,Tursiops erebennus
2Tt552,7/14/2012,2019,35.1226,-75.9056,July,2012,biopsy,M,PRJNA1227152,-75.9056,35.1226,-4,-75.9056,35.1226,-4,31870.22,Atlantic,Coastal_Atlantic,Coastal_Atlantic,FALSE,FALSE,Coastal_Atlantic,Coastal_Atlantic,NA,Tursiops erebennus
2Tt553,7/14/2012,2019,35.119,-75.9144,July,2012,biopsy,M,PRJNA1227152,-75.9144,35.119,-5,-75.9144,35.119,-5,32763.18,Atlantic,Coastal_Atlantic,Coastal_Atlantic,FALSE,FALSE,Coastal_Atlantic,Coastal_Atlantic,NA,Tursiops erebennus
2Tt556,8/3/2012,2019,35.6542,-75.4619,August,2012,biopsy,M,PRJNA1227152,-75.4619,35.6542,-8,-75.4619,35.6542,-8,25696.12,Atlantic,Coastal_Atlantic,Coastal_Atlantic,FALSE,FALSE,Coastal_Atlantic,Coastal_Atlantic,NA,Tursiops erebennus
2Tt557b,8/3/2012,2018,35.6511,-75.4558,August,2012,biopsy,M,PRJNA1289198,-75.4558,35.6511,-9,-75.4558,35.6511,-9,26237.04,Atlantic,Coastal_Atlantic,Coastal_Atlantic,FALSE,FALSE,Coastal_Atlantic,Coastal_Atlantic,NA,Tursiops erebennus
2Tt558,8/4/2012,2019,35.7829,-75.4918,August,2012,biopsy,F,PRJNA1227152,-75.4918,35.7829,-17,-75.4918,35.7829,-17,12013.8,Atlantic,Coastal_Atlantic,Coastal_Atlantic,FALSE,FALSE,Coastal_Atlantic,Coastal_Atlantic,NA,Tursiops erebennus
2Tt564,8/17/2012,2019,35.9307,-75.5936,August,2012,biopsy,M,PRJNA1227152,-75.5936,35.9307,-12,-75.5936,35.9307,-12,4353.13,Atlantic,Coastal_Atlantic,Coastal_Atlantic,FALSE,FALSE,Coastal_Atlantic,Coastal_Atlantic,NA,Tursiops erebennus
2Tt591,11/10/2014,2019,34.4521,-77.527,November,2014,biopsy,F,PRJNA1227152,-77.527,34.4521,-1,-77.527,34.4521,-1,1338.58,Atlantic,Coastal_Atlantic,Coastal_Atlantic,FALSE,FALSE,Coastal_Atlantic,Coastal_Atlantic,NA,Tursiops erebennus
2Tt592,11/11/2014,2019,34.1265,-77.8669,November,2014,biopsy,F,PRJNA1227152,-77.8669,34.1265,1,-77.86458333,34.12708333,-1,119.57,Atlantic,Coastal_Atlantic,Coastal_Atlantic,FALSE,FALSE,Coastal_Atlantic,Coastal_Atlantic,NA,Tursiops erebennus
2Tt593,11/12/2014,2019,34.287,-77.7499,November,2014,biopsy,M,PRJNA1227152,-77.7499,34.287,-1,-77.7499,34.287,-1,426.77,Atlantic,Coastal_Atlantic,Coastal_Atlantic,FALSE,FALSE,Coastal_Atlantic,Coastal_Atlantic,NA,Tursiops erebennus
2Tt595,11/12/2014,2019,34.4761,-77.49,November,2014,biopsy,M,PRJNA1227152,-77.49,34.4761,-1,-77.49,34.4761,-1,1195.14,Atlantic,Coastal_Atlantic,Coastal_Atlantic,FALSE,FALSE,Coastal_Atlantic,Coastal_Atlantic,NA,Tursiops erebennus
2Tt599,11/13/2014,2019,34.073,-77.8851,November,2014,biopsy,M,PRJNA1227152,-77.8851,34.073,1,-77.88125,34.07291667,-1,1150.17,Atlantic,Coastal_Atlantic,Coastal_Atlantic,FALSE,FALSE,Coastal_Atlantic,Coastal_Atlantic,NA,Tursiops erebennus
2Tt603,12/15/2014,2019,33.9531,-77.9626,December,2014,biopsy,F,PRJNA1227152,-77.9626,33.9531,-13,-77.9626,33.9531,-13,1580.39,Atlantic,Coastal_Atlantic,Coastal_Atlantic,FALSE,FALSE,Coastal_Atlantic,Coastal_Atlantic,NA,Tursiops erebennus
2Tt605,12/18/2014,2019,34.3239,-77.716,December,2014,biopsy,F,PRJNA1227152,-77.716,34.3239,2,-77.71875,34.32291667,-1,306.44,Atlantic,Coastal_Atlantic,Coastal_Atlantic,FALSE,FALSE,Coastal_Atlantic,Coastal_Atlantic,NA,Tursiops erebennus
2Tt607,11/10/2014,2019,33.8872,-78.026,November,2014,biopsy,M,PRJNA1227152,-78.026,33.8872,-6,-78.026,33.8872,-6,5000.72,Atlantic,Coastal_Atlantic,Coastal_Atlantic,FALSE,FALSE,Coastal_Atlantic,Coastal_Atlantic,NA,Tursiops erebennus
2Tt608,11/10/2014,2019,33.8929,-78.0479,November,2014,biopsy,F,PRJNA1227152,-78.0479,33.8929,-2,-78.0479,33.8929,-2,4002.62,Atlantic,Coastal_Atlantic,Coastal_Atlantic,FALSE,FALSE,Coastal_Atlantic,Coastal_Atlantic,NA,Tursiops erebennus
2Tt612,11/10/2014,2019,33.904,-78.0239,November,2014,biopsy,F,PRJNA1227152,-78.0239,33.904,-12,-78.0239,33.904,-12,3275.17,Atlantic,Coastal_Atlantic,Coastal_Atlantic,FALSE,FALSE,Coastal_Atlantic,Coastal_Atlantic,NA,Tursiops erebennus
2Tt614,11/12/2014,2019,33.902,-78.2314,November,2014,biopsy,F,PRJNA1227152,-78.2314,33.902,-9,-78.2314,33.902,-9,4165.46,Atlantic,Coastal_Atlantic,Coastal_Atlantic,FALSE,FALSE,Coastal_Atlantic,Coastal_Atlantic,NA,Tursiops erebennus
2Tt616,11/13/2014,2019,33.9181,-78.2545,November,2014,biopsy,M,PRJNA1227152,-78.2545,33.9181,2,-78.25625,33.91041667,-2,2722.22,Atlantic,Coastal_Atlantic,Coastal_Atlantic,FALSE,FALSE,Coastal_Atlantic,Coastal_Atlantic,NA,Tursiops erebennus
2Tt619,11/13/2014,2019,33.9068,-78.1881,November,2014,biopsy,M,PRJNA1227152,-78.1881,33.9068,-7,-78.1881,33.9068,-7,3734.74,Atlantic,Coastal_Atlantic,Coastal_Atlantic,FALSE,FALSE,Coastal_Atlantic,Coastal_Atlantic,NA,Tursiops erebennus
2Tt625,12/3/2014,2019,34.1763,-77.8384,December,2014,biopsy,M,PRJNA1227152,-77.8384,34.1763,-1,-77.8384,34.1763,-1,281.72,Atlantic,Coastal_Atlantic,Coastal_Atlantic,FALSE,FALSE,Coastal_Atlantic,Coastal_Atlantic,NA,Tursiops erebennus
2Tt628,12/3/2014,2019,34.0516,-77.8897,December,2014,biopsy,F,PRJNA1227152,-77.8897,34.0516,0,-77.88541667,34.05208333,-1,1696.95,Atlantic,Coastal_Atlantic,Coastal_Atlantic,FALSE,FALSE,Coastal_Atlantic,Coastal_Atlantic,NA,Tursiops erebennus
2Tt629,12/4/2014,2019,34.202,-77.8211,December,2014,biopsy,M,PRJNA1227152,-77.8211,34.202,0,-77.81875,34.20208333,-1,613.72,Atlantic,Coastal_Atlantic,Coastal_Atlantic,FALSE,FALSE,Coastal_Atlantic,Coastal_Atlantic,NA,Tursiops erebennus
2Tt631,12/4/2014,2019,34.0483,-77.8901,December,2014,biopsy,M,PRJNA1227152,-77.8901,34.0483,1,-77.88541667,34.04791667,-1,1765.23,Atlantic,Coastal_Atlantic,Coastal_Atlantic,FALSE,FALSE,Coastal_Atlantic,Coastal_Atlantic,NA,Tursiops erebennus
2Tt637,3/10/2015,2019,34.1388,-77.8625,March,2015,biopsy,F,PRJNA1227152,-77.8625,34.1388,0,-77.86041667,34.13541667,-1,218.23,Atlantic,Coastal_Atlantic,Coastal_Atlantic,FALSE,FALSE,Coastal_Atlantic,Coastal_Atlantic,NA,Tursiops erebennus
2Tt642,6/10/2015,2019,34.0729,-77.8853,June,2015,biopsy,F,PRJNA1227152,-77.8853,34.0729,1,-77.88125,34.07291667,-1,1150.17,Atlantic,Coastal_Atlantic,Coastal_Atlantic,FALSE,FALSE,Coastal_Atlantic,Coastal_Atlantic,NA,Tursiops erebennus
2Tt643,6/17/2015,2019,34.2846,-77.7191,June,2015,biopsy,F,PRJNA1227152,-77.7191,34.2846,-1,-77.7191,34.2846,-1,2764.69,Atlantic,Coastal_Atlantic,Coastal_Atlantic,FALSE,FALSE,Coastal_Atlantic,Coastal_Atlantic,NA,Tursiops erebennus
2Tt644,6/17/2015,2019,34.2793,-77.7288,June,2015,biopsy,M,PRJNA1227152,-77.7288,34.2793,-1,-77.7288,34.2793,-1,2483.14,Atlantic,Coastal_Atlantic,Coastal_Atlantic,FALSE,FALSE,Coastal_Atlantic,Coastal_Atlantic,NA,Tursiops erebennus
2Tt645,6/17/2015,2019,34.2755,-77.7333,June,2015,biopsy,M,PRJNA1227152,-77.7333,34.2755,-1,-77.7333,34.2755,-1,2413.69,Atlantic,Coastal_Atlantic,Coastal_Atlantic,FALSE,FALSE,Coastal_Atlantic,Coastal_Atlantic,NA,Tursiops erebennus
2Tt646,7/24/2015,2019,34.1385,-77.9462,July,2015,biopsy,M,PRJNA1227152,-77.9462,34.1385,-6,-77.9462,34.1385,-6,423.84,Atlantic,Coastal_Atlantic,Coastal_Atlantic,FALSE,FALSE,Coastal_Atlantic,Coastal_Atlantic,NA,Tursiops erebennus
2Tt700b,3/8/1990,2018,35.3508,-75.4917,March,1990,stranding,F,PRJNA1289198,-75.4917,35.3508,stranding,-75.4917,35.3508,stranding,stranding,Atlantic,Coastal_Atlantic,Coastal_Atlantic,FALSE,FALSE,Coastal_Atlantic,Coastal_Atlantic,NA,Tursiops erebennus
2Tt727,6/30/2004,2019,34.5629,-76.5415,June,2004,biopsy,M,PRJNA1227152,-76.5415,34.5629,-5,-76.5415,34.5629,-5,18745.75,Atlantic,Coastal_Atlantic,Coastal_Atlantic,FALSE,FALSE,Coastal_Atlantic,Coastal_Atlantic,NA,Tursiops erebennus
2Tt729,6/30/2004,2019,34.6082,-76.5575,June,2004,biopsy,M,PRJNA1227152,-76.5575,34.6082,-8,-76.5575,34.6082,-8,13766.51,Atlantic,Coastal_Atlantic,Coastal_Atlantic,FALSE,FALSE,Coastal_Atlantic,Coastal_Atlantic,NA,Tursiops erebennus
2Tt734,10/18/2004,2019,33.8995,-78.298,October,2004,biopsy,M,PRJNA1227152,-78.298,33.8995,-9,-78.298,33.8995,-9,3429.56,Atlantic,Coastal_Atlantic,Coastal_Atlantic,FALSE,FALSE,Coastal_Atlantic,Coastal_Atlantic,NA,Tursiops erebennus
2Tt743,11/19/2004,2019,33.8933,-78.352,November,2004,biopsy,M,PRJNA1227152,-78.352,33.8933,-9,-78.352,33.8933,-9,3912.53,Atlantic,Coastal_Atlantic,Coastal_Atlantic,FALSE,FALSE,Coastal_Atlantic,Coastal_Atlantic,NA,Tursiops erebennus
2Tt755,6/18/2005,2019,34.5844,-76.5577,June,2005,biopsy,M,PRJNA1227152,-76.5577,34.5844,-11,-76.5577,34.5844,-11,16400.21,Atlantic,Coastal_Atlantic,Coastal_Atlantic,FALSE,FALSE,Coastal_Atlantic,Coastal_Atlantic,NA,Tursiops erebennus
2Tt757,6/21/2005,2019,34.6327,-76.6804,June,2005,biopsy,F,PRJNA1227152,-76.6804,34.6327,-15,-76.6804,34.6327,-15,11119.65,Atlantic,Coastal_Atlantic,Coastal_Atlantic,FALSE,FALSE,Coastal_Atlantic,Coastal_Atlantic,NA,Tursiops erebennus
2Tt758,6/22/2005,2019,34.6717,-76.6306,June,2005,biopsy,M,PRJNA1227152,-76.6306,34.6717,-1,-76.6306,34.6717,-1,6445.46,Atlantic,Coastal_Atlantic,Coastal_Atlantic,FALSE,FALSE,Coastal_Atlantic,Coastal_Atlantic,NA,Tursiops erebennus
2Tt759,6/23/2005,2019,34.6692,-76.6319,June,2005,biopsy,F,PRJNA1227152,-76.6319,34.6692,-4,-76.6319,34.6692,-4,6694.82,Atlantic,Coastal_Atlantic,Coastal_Atlantic,FALSE,FALSE,Coastal_Atlantic,Coastal_Atlantic,NA,Tursiops erebennus
2Tt762,7/7/2005,2019,34.6609,-76.6404,July,2005,biopsy,F,PRJNA1227152,-76.6404,34.6609,-8,-76.6404,34.6609,-8,7519.05,Atlantic,Coastal_Atlantic,Coastal_Atlantic,FALSE,FALSE,Coastal_Atlantic,Coastal_Atlantic,NA,Tursiops erebennus
32Tt012,6/20/2010,2019,29.4902,-87.1079,June,2010,biopsy,F,PRJNA1289198,-87.1079,29.4902,-399,-87.1079,29.4902,-399,97082.83,Gulf,Offshore,Offshore,FALSE,FALSE,Offshore,Offshore_Gulf,NA,Tursiops truncatus
32Tt013,7/11/2010,2019,29.1825,-88.0831,July,2010,biopsy,M,PRJNA1289198,-88.0831,29.1825,-403,-88.0831,29.1825,-403,106270.32,Gulf,Offshore,Offshore,FALSE,FALSE,Offshore,Offshore_Gulf,NA,Tursiops truncatus
32Tt032,10/18/2010,2019,28.0904,-85.3204,October,2010,biopsy,F,PRJNA1289198,-85.3204,28.0904,-356,-85.3204,28.0904,-356,174373.54,Gulf,Offshore,Offshore,FALSE,FALSE,Offshore,Offshore_Gulf,Backcross1,Tursiops truncatus
32Tt035,10/19/2010,2019,28.5982,-85.8366,October,2010,biopsy,M,PRJNA1289198,-85.8366,28.5982,-269,-85.8366,28.5982,-269,134182.74,Gulf,Offshore,Offshore,FALSE,FALSE,Offshore,Offshore_Gulf,NA,Tursiops truncatus
32Tt048,10/26/2010,2019,29.1984,-86.0606,October,2010,biopsy,M,PRJNA1289198,-86.0606,29.1984,-211,-86.0606,29.1984,-211,93025.58,Gulf,Offshore,Offshore,FALSE,FALSE,Offshore,Offshore_Gulf,NA,Tursiops truncatus
34Tt027,6/25/2012,2019,27.8039,-97.3387,June,2012,biopsy,M,PRJNA1289198,-97.3387,27.8039,-11,-97.3387,27.8039,-11,5949.51,Gulf,Coastal_Gulf,Coastal_Gulf,FALSE,FALSE,Coastal_Gulf,Coastal_Gulf,NA,Tursiops erebennus
34Tt041,7/1/2012,2019,28.1368,-97.017,July,2012,biopsy,F,PRJNA1289198,-97.017,28.1368,-1,-97.017,28.1368,-1,968.08,Gulf,Coastal_Gulf,Coastal_Gulf,FALSE,FALSE,Coastal_Gulf,Coastal_Gulf,NA,Tursiops erebennus
35Tt025,8/11/2012,2019,28.5095,-96.4717,August,2012,biopsy,M,PRJNA1289198,-96.4717,28.5095,-2,-96.4717,28.5095,-2,805.58,Gulf,Coastal_Gulf,Coastal_Gulf,FALSE,FALSE,Coastal_Gulf,Coastal_Gulf,NA,Tursiops erebennus
35Tt037,6/7/2013,2019,28.6789,-96.2846,June,2013,biopsy,F,PRJNA1289198,-96.2846,28.6789,-1,-96.2846,28.6789,-1,1646.29,Gulf,Coastal_Gulf,Coastal_Gulf,FALSE,FALSE,Coastal_Gulf,Coastal_Gulf,NA,Tursiops erebennus
37Tt004,6/4/2013,2019,27.8107,-96.9524,June,2013,biopsy,M,PRJNA1289198,-96.9524,27.8107,-17,-96.9524,27.8107,-17,13970.2,Gulf,Coastal_Gulf,Coastal_Gulf,FALSE,FALSE,Coastal_Gulf,Coastal_Gulf,NA,Tursiops erebennus
37Tt018,5/28/2014,2019,27.6068,-97.1508,May,2014,biopsy,F,PRJNA1289198,-97.1508,27.6068,-12,-97.1508,27.6068,-12,7873.46,Gulf,Coastal_Gulf,Coastal_Gulf,FALSE,FALSE,Coastal_Gulf,Coastal_Gulf,NA,Tursiops erebennus
37Tt023,5/31/2014,2019,27.6009,-97.0891,May,2014,biopsy,M,PRJNA1289198,-97.0891,27.6009,-17,-97.0891,27.6009,-17,13963.21,Gulf,Intermediate,Coastal_Gulf,FALSE,TRUE,Intermediate,Intermediate_Gulf,NA,Tursiops erebennus
39Tt001,6/3/2013,2019,28.2367,-96.4058,June,2013,biopsy,F,PRJNA1289198,-96.4058,28.2367,-19,-96.4058,28.2367,-19,12248.74,Gulf,Coastal_Gulf,Coastal_Gulf,FALSE,FALSE,Coastal_Gulf,Coastal_Gulf,NA,Tursiops erebennus
39Tt016,6/27/2013,2019,28.5206,-96.0156,June,2013,biopsy,F,PRJNA1289198,-96.0156,28.5206,-12,-96.0156,28.5206,-12,11673.12,Gulf,Coastal_Gulf,Coastal_Gulf,FALSE,FALSE,Coastal_Gulf,Coastal_Gulf,NA,Tursiops erebennus
39Tt030,5/31/2014,2019,28.4058,-96.1017,May,2014,biopsy,F,PRJNA1289198,-96.1017,28.4058,-16,-96.1017,28.4058,-16,24539.26,Gulf,Intermediate,Intermediate,FALSE,FALSE,Intermediate,Intermediate_Gulf,F2,Tursiops erebennus
39Tt032,6/1/2014,2019,28.3779,-96.1662,June,2014,biopsy,M,PRJNA1289198,-96.1662,28.3779,-16,-96.1662,28.3779,-16,25493.38,Gulf,Coastal_Gulf,Coastal_Gulf,FALSE,FALSE,Coastal_Gulf,Coastal_Gulf,NA,Tursiops erebennus
40Tt002,7/9/2013,2019,28.9881,-90.0412,July,2013,biopsy,F,PRJNA1289198,-90.0412,28.9881,-23,-90.0412,28.9881,-23,22254.48,Gulf,Coastal_Gulf,Coastal_Gulf,FALSE,FALSE,Coastal_Gulf,Coastal_Gulf,NA,Tursiops erebennus
40Tt008,7/10/2013,2019,29.0846,-90.0052,July,2013,biopsy,F,PRJNA1289198,-90.0052,29.0846,-17,-90.0052,29.0846,-17,16166.18,Gulf,Coastal_Gulf,Coastal_Gulf,FALSE,FALSE,Coastal_Gulf,Coastal_Gulf,NA,Tursiops erebennus
40Tt010,7/10/2013,2019,29.0255,-89.8868,July,2013,biopsy,M,PRJNA1289198,-89.8868,29.0255,-31,-89.8868,29.0255,-31,29026.69,Gulf,Coastal_Gulf,Coastal_Gulf,FALSE,FALSE,Coastal_Gulf,Coastal_Gulf,NA,Tursiops erebennus
40Tt013,7/12/2013,2019,29.2237,-89.7827,July,2013,biopsy,F,PRJNA1289198,-89.7827,29.2237,-12,-89.7827,29.2237,-12,25944.14,Gulf,Coastal_Gulf,Coastal_Gulf,FALSE,FALSE,Coastal_Gulf,Coastal_Gulf,NA,Tursiops erebennus
40Tt018,7/13/2013,2019,29.1785,-89.6897,July,2013,biopsy,M,PRJNA1289198,-89.6897,29.1785,-14,-89.6897,29.1785,-14,23697.36,Gulf,Coastal_Gulf,Coastal_Gulf,FALSE,FALSE,Coastal_Gulf,Coastal_Gulf,NA,Tursiops erebennus
42Tt018,7/27/2015,2019,30.0832,-85.7381,July,2015,biopsy,F,PRJNA1289198,-85.7381,30.0832,-19,-85.7381,30.0832,-19,8709.82,Gulf,Intermediate,Intermediate,FALSE,FALSE,Intermediate,Intermediate_Gulf,NA,Tursiops erebennus
43Tt025,11/24/2014,2019,25.3688,-80.2794,November,2014,biopsy,M,PRJNA1289198,-80.2794,25.3688,-2,-80.2794,25.3688,-2,5090.03,Atlantic,Intermediate,Intermediate,FALSE,FALSE,Intermediate,Intermediate_Atlantic,NA,Tursiops erebennus
43Tt028,12/11/2014,2019,25.384,-80.2662,December,2014,biopsy,F,PRJNA1289198,-80.2662,25.384,-2,-80.2662,25.384,-2,6006.07,Atlantic,Intermediate,Intermediate,FALSE,FALSE,Intermediate,Intermediate_Atlantic,NA,Tursiops erebennus
43Tt030,12/11/2014,2019,25.3332,-80.2855,December,2014,biopsy,M,PRJNA1289198,-80.2855,25.3332,-4,-80.2855,25.3332,-4,6357.38,Atlantic,Intermediate,Intermediate,FALSE,FALSE,Intermediate,Intermediate_Atlantic,NA,Tursiops erebennus
43Tt031,12/12/2014,2019,25.7663,-80.1828,December,2014,biopsy,M,PRJNA1289198,-80.1828,25.7663,-1,-80.1828,25.7663,-1,682.96,Atlantic,Intermediate,Intermediate,FALSE,FALSE,Intermediate,Intermediate_Atlantic,NA,Tursiops erebennus
43Tt033,12/16/2014,2019,25.6432,-80.2079,December,2014,biopsy,F,PRJNA1289198,-80.2079,25.6432,-4,-80.2079,25.6432,-4,6201.84,Atlantic,Intermediate,Intermediate,FALSE,FALSE,Intermediate,Intermediate_Atlantic,NA,Tursiops erebennus
44Tt009,9/19/2016,2019,27.6152,-80.3669,September,2016,biopsy,M,PRJNA1289198,-80.3669,27.6152,-1,-80.3669,27.6152,-1,684.44,Atlantic,Coastal_Atlantic,Coastal_Atlantic,FALSE,FALSE,Coastal_Atlantic,Coastal_Atlantic,NA,Tursiops erebennus
44Tt018,6/23/2016,2019,28.1797,-80.6109,June,2016,biopsy,F,PRJNA1289198,-80.6109,28.1797,4,-80.61458333,28.17708333,-7.28E-12,993.64,Atlantic,Coastal_Atlantic,Coastal_Atlantic,FALSE,FALSE,Coastal_Atlantic,Coastal_Atlantic,NA,Tursiops erebennus
44Tt023,6/22/2016,2019,27.9206,-80.517,June,2016,biopsy,F,PRJNA1289198,-80.517,27.9206,3,-80.51041667,27.91875,-1,823.6,Atlantic,Coastal_Atlantic,Coastal_Atlantic,FALSE,FALSE,Coastal_Atlantic,Coastal_Atlantic,NA,Tursiops erebennus
44Tt033,9/30/2015,2019,28.4636,-80.7444,September,2015,biopsy,M,PRJNA1289198,-80.7444,28.4636,-2,-80.7444,28.4636,-2,614.39,Atlantic,Coastal_Atlantic,Coastal_Atlantic,FALSE,FALSE,Coastal_Atlantic,Coastal_Atlantic,NA,Tursiops erebennus
44Tt041,9/30/2015,2019,28.2991,-80.642,September,2015,biopsy,M,PRJNA1289198,-80.642,28.2991,-1,-80.642,28.2991,-1,3771.53,Atlantic,Coastal_Atlantic,Coastal_Atlantic,FALSE,FALSE,Coastal_Atlantic,Coastal_Atlantic,NA,Tursiops erebennus
4Tt065,4/13/1999,2019 (sent 4Tt804 DNA),32.814,-79.919,April,1999,biopsy,M,PRJNA1289198,-79.919,32.814,-9,-79.919,32.814,-9,2094.27,Atlantic,Coastal_Atlantic,Coastal_Atlantic,FALSE,FALSE,Coastal_Atlantic,Coastal_Atlantic,NA,Tursiops erebennus
4Tt184,4/3/2002,2019,32.755,-79.944,April,2002,biopsy,M,PRJNA1289198,-79.944,32.755,0,-79.94375,32.76041667,-5,1670.82,Atlantic,Coastal_Atlantic,Coastal_Atlantic,FALSE,FALSE,Coastal_Atlantic,Coastal_Atlantic,NA,Tursiops erebennus
4Tt266,12/11/2002,2019,32.7581,-79.9357,December,2002,biopsy,F,PRJNA1289198,-79.9357,32.7581,1,-79.93541667,32.76041667,-4,973.82,Atlantic,Coastal_Atlantic,Coastal_Atlantic,FALSE,FALSE,Coastal_Atlantic,Coastal_Atlantic,NA,Tursiops erebennus
4Tt275,2/14/2003,2019 (sent 4Tt559 DNA),32.8548,-79.8956,February,2003,biopsy,M,PRJNA1289198,-79.8956,32.8548,-9,-79.8956,32.8548,-9,876.28,Atlantic,Coastal_Atlantic,Coastal_Atlantic,FALSE,FALSE,Coastal_Atlantic,Coastal_Atlantic,NA,Tursiops erebennus
4Tt299,8/5/2003,2019,33.3292,-79.1492,August,2003,biopsy,F,PRJNA1227152,-79.1492,33.3292,-4,-79.1492,33.3292,-4,2957.67,Atlantic,Coastal_Atlantic,Coastal_Atlantic,FALSE,FALSE,Coastal_Atlantic,Coastal_Atlantic,NA,Tursiops erebennus
4Tt304,8/7/2003,2019,33.4388,-79.09,August,2003,biopsy,M,PRJNA1227152,-79.09,33.4388,-8,-79.09,33.4388,-8,3237.3,Atlantic,Coastal_Atlantic,Coastal_Atlantic,FALSE,FALSE,Coastal_Atlantic,Coastal_Atlantic,NA,Tursiops erebennus
4Tt311,8/7/2003,2019,33.3962,-79.1037,August,2003,biopsy,M,PRJNA1227152,-79.1037,33.3962,-9,-79.1037,33.3962,-9,4142.51,Atlantic,Coastal_Atlantic,Coastal_Atlantic,FALSE,FALSE,Coastal_Atlantic,Coastal_Atlantic,NA,Tursiops erebennus
4Tt312,8/7/2003,2019,33.3925,-79.0999,August,2003,biopsy,F,PRJNA1227152,-79.0999,33.3925,-9,-79.0999,33.3925,-9,4628.93,Atlantic,Coastal_Atlantic,Coastal_Atlantic,FALSE,FALSE,Coastal_Atlantic,Coastal_Atlantic,NA,Tursiops erebennus
4Tt555,8/21/2003,2019,32.8975,-79.845,August,2003,live capture,F,PRJNA1289198,-79.845,32.8975,0,-79.84791667,32.87291667,-7,1439.08,Atlantic,Coastal_Atlantic,Coastal_Atlantic,FALSE,FALSE,Coastal_Atlantic,Coastal_Atlantic,NA,Tursiops erebennus
4Tt736b,3/5/2007,2018,32.684,-79.9011,March,2007,stranding,F,PRJNA1289198,-79.9011,32.684,stranding,-79.9011,32.684,stranding,stranding,Atlantic,Coastal_Atlantic,Coastal_Atlantic,FALSE,FALSE,Coastal_Atlantic,Coastal_Atlantic,NA,Tursiops erebennus
4Tt830,7/15/2014,2018,32.7252,-79.8643,July,2014,biopsy,M,PRJNA1289198,-79.8643,32.7252,-4,-79.8643,32.7252,-4,3581.56,Atlantic,Coastal_Atlantic,Coastal_Atlantic,FALSE,FALSE,Coastal_Atlantic,Coastal_Atlantic,NA,Tursiops erebennus
4Tt858,8/7/2014,2018,32.7746,-79.765,August,2014,biopsy,M,PRJNA1289198,-79.765,32.7746,-4,-79.765,32.7746,-4,5126.24,Atlantic,Coastal_Atlantic,Coastal_Atlantic,FALSE,FALSE,Coastal_Atlantic,Coastal_Atlantic,NA,Tursiops erebennus
4Tt881,3/4/2010,2018,32.6643,-80.0109,March,2010,stranding,M,PRJNA1289198,-80.0109,32.6643,stranding,-80.0109,32.6643,stranding,stranding,Atlantic,Coastal_Atlantic,Coastal_Atlantic,FALSE,FALSE,Coastal_Atlantic,Coastal_Atlantic,NA,Tursiops erebennus
6Tt064,6/3/2002,2019,25.1532,-80.5805,June,2002,biopsy,F,PRJNA1289198,-80.5805,25.1532,0,-80.58125,25.15625,-1,6903.93,Atlantic,Intermediate,Intermediate,FALSE,FALSE,Intermediate,Intermediate_Atlantic,NA,Tursiops erebennus
6Tt077,6/6/2002,2019,25.0582,-80.712,June,2002,biopsy,M,PRJNA1289198,-80.712,25.0582,-30,-80.712,25.0582,-30,10526.98,Atlantic,Intermediate,Intermediate,FALSE,FALSE,Intermediate,Intermediate_Atlantic,NA,Tursiops erebennus
6Tt086,6/5/2002,2019,25.1192,-80.4233,June,2002,biopsy,M,PRJNA1289198,-80.4233,25.1192,-2,-80.4233,25.1192,-2,85.66,Atlantic,Intermediate,Intermediate,FALSE,FALSE,Intermediate,Intermediate_Atlantic,NA,Tursiops erebennus
6Tt090,6/6/2002,2019,25.1184,-80.8119,June,2002,biopsy,F,PRJNA1289198,-80.8119,25.1184,-2,-80.8119,25.1184,-2,4901.01,Atlantic,Intermediate,Intermediate,FALSE,FALSE,Intermediate,Intermediate_Atlantic,NA,Tursiops erebennus
7Tt051,7/12/1998,2019,35.2117,-75.66,July,1998,biopsy,F,PRJNA1227152,-75.66,35.2117,-4,-75.66,35.2117,-4,8242.27,Atlantic,Coastal_Atlantic,Coastal_Atlantic,FALSE,FALSE,Coastal_Atlantic,Coastal_Atlantic,NA,Tursiops erebennus
7Tt111,7/28/1998,2019,40.5183,-67.72,July,1998,biopsy,F,PRJNA1289198,-67.72,40.5183,-182,-67.72,40.5183,-182,207758.29,Atlantic,Offshore,Offshore,FALSE,FALSE,Offshore,Offshore_Atlantic,NA,Tursiops truncatus
7Tt172,8/13/1999,2019,31.5742,-80.4907,August,1999,biopsy,F,PRJNA1289198,-80.4907,31.5742,-22,-80.4907,31.5742,-22,58653.5,Atlantic,Intermediate,Intermediate,FALSE,FALSE,Intermediate,Intermediate_Atlantic,NA,Tursiops erebennus
7Tt177,8/13/1999,2019,31.7042,-80.0443,August,1999,biopsy,F,PRJNA1289198,-80.0443,31.7042,-36,-80.0443,31.7042,-36,81848.32,Atlantic,Intermediate,Intermediate,FALSE,FALSE,Intermediate,Intermediate_Atlantic,NA,Tursiops erebennus
7Tt181,8/14/1999,2019,32.396,-78.4403,August,1999,biopsy,M,PRJNA1289198,-78.4403,32.396,-274,-78.4403,32.396,-274,114349.39,Atlantic,Intermediate,Intermediate,FALSE,FALSE,Intermediate,Intermediate_Atlantic,NA,Tursiops erebennus
7Tt182,8/16/1999,2019,32.836,-78.483,August,1999,biopsy,M,PRJNA1289198,-78.483,32.836,-76,-78.483,32.836,-76,78801.76,Atlantic,Offshore,Offshore,FALSE,FALSE,Offshore,Offshore_Atlantic,NA,Tursiops truncatus
7Tt199,8/23/1999,2019,33.8895,-77.0588,August,1999,biopsy,F,PRJNA1289198,-77.0588,33.8895,-33,-77.0588,33.8895,-33,76923.15,Atlantic,Intermediate,Intermediate,FALSE,FALSE,Intermediate,Intermediate_Atlantic,NA,Tursiops erebennus
7Tt200,8/25/1999,2018,34.7913,-75.8262,August,1999,biopsy,F,PRJNA1289198,-75.8262,34.7913,-32,-75.8262,34.7913,-32,45837.98,Atlantic,Intermediate,Intermediate,FALSE,FALSE,Intermediate,Intermediate_Atlantic,NA,Tursiops erebennus
7Tt249,9/24/1999,2019,30.7292,-80.5722,September,1999,biopsy,M,PRJNA1289198,-80.5722,30.7292,-34,-80.5722,30.7292,-34,82320.9,Atlantic,Intermediate,Intermediate,FALSE,FALSE,Intermediate,Intermediate_Atlantic,NA,Tursiops erebennus
7Tt252,9/25/1999,2019 (done 2x),29.8582,-80.454,September,1999,biopsy,M,PRJNA1289198,-80.454,29.8582,-38,-80.454,29.8582,-38,76547.55,Atlantic,Intermediate,Intermediate,FALSE,FALSE,Intermediate,Intermediate_Atlantic,NA,Tursiops erebennus
7Tt271,3/17/2002,2019,31.2612,-80.0207,March,2002,biopsy,F,PRJNA1289198,-80.0207,31.2612,-47,-80.0207,31.2612,-47,114205.61,Atlantic,Intermediate,Intermediate,FALSE,FALSE,Intermediate,Intermediate_Atlantic,NA,Tursiops erebennus
7Tt274,3/24/2002,2018,34.2732,-76.3287,March,2002,biopsy,F,PRJNA1289198,-76.3287,34.2732,-30,-76.3287,34.2732,-30,54616.1,Atlantic,Intermediate,Intermediate,FALSE,FALSE,Intermediate,Intermediate_Atlantic,NA,Tursiops erebennus
7Tt281,4/1/2002,2019,29.2717,-80.6543,April,2002,biopsy,F,PRJNA1289198,-80.6543,29.2717,-25,-80.6543,29.2717,-25,34157.46,Atlantic,Intermediate,Intermediate,FALSE,FALSE,Intermediate,Intermediate_Atlantic,NA,Tursiops erebennus
7Tt297,6/22/2005,2019,30.954,-80.197,June,2005,biopsy,M,PRJNA1289198,-80.197,30.954,-39,-80.197,30.954,-39,108820.94,Atlantic,Intermediate,Intermediate,FALSE,FALSE,Intermediate,Intermediate_Atlantic,NA,Tursiops erebennus
7Tt307,6/26/2005,2019,31.5101,-80.7074,June,2005,biopsy,M,PRJNA1289198,-80.7074,31.5101,-18,-80.7074,31.5101,-18,43380.99,Atlantic,Intermediate,Intermediate,FALSE,FALSE,Intermediate,Intermediate_Atlantic,NA,Tursiops erebennus
7Tt312,6/26/2005,2019,31.2059,-80.9122,June,2005,biopsy,M,PRJNA1289198,-80.9122,31.2059,-16,-80.9122,31.2059,-16,35560.77,Atlantic,Intermediate,Offshore,TRUE,TRUE,Intermediate,Intermediate_Atlantic,F2,Tursiops erebennus
7Tt327,6/30/2005,2019,32.8091,-79.3253,June,2005,biopsy,F,PRJNA1289198,-79.3253,32.8091,-18,-79.3253,32.8091,-18,29210.96,Atlantic,Intermediate,Intermediate,FALSE,FALSE,Intermediate,Intermediate_Atlantic,NA,Tursiops erebennus
7Tt334,6/30/2005,2019 (sent 7Tt340 DNA),32.0916,-80.1873,June,2005,biopsy,F,PRJNA1289198,-80.1873,32.0916,-16,-80.1873,32.0916,-16,39686.21,Atlantic,Intermediate,Intermediate,FALSE,FALSE,Intermediate,Intermediate_Atlantic,NA,Tursiops erebennus
7Tt338,6/30/2005,2019,32.369,-79.768,June,2005,biopsy,M,PRJNA1289198,-79.768,32.369,-21,-79.768,32.369,-21,38258.19,Atlantic,Intermediate,Intermediate,FALSE,FALSE,Intermediate,Intermediate_Atlantic,NA,Tursiops erebennus
7Tt345,7/1/2005,2019,32.6258,-78.6443,July,2005,biopsy,F,PRJNA1289198,-78.6443,32.6258,-37,-78.6443,32.6258,-37,82494.65,Atlantic,Intermediate,Intermediate,FALSE,FALSE,Intermediate,Intermediate_Atlantic,NA,Tursiops erebennus
7Tt350,7/13/2005,2019,37.1256,-73.5908,July,2005,biopsy,M,PRJNA1289198,-73.5908,37.1256,-2604,-73.5908,37.1256,-2604,179242.1,Atlantic,Offshore,Offshore,FALSE,FALSE,Offshore,Offshore_Atlantic,NA,Tursiops truncatus
7Tt352,8/3/2005,2019,31.7445,-79.6888,August,2005,biopsy,M,PRJNA1289198,-79.6888,31.7445,-54,-79.6888,31.7445,-54,100505.77,Atlantic,Intermediate,Intermediate,FALSE,FALSE,Intermediate,Intermediate_Atlantic,NA,Tursiops erebennus
7Tt367,7/18/2006,2019,36.8433,-74.625,July,2006,biopsy,M,PRJNA1289198,-74.625,36.8433,-565,-74.625,36.8433,-565,114987.34,Atlantic,Offshore,Offshore,FALSE,FALSE,Offshore,Offshore_Atlantic,NA,Tursiops truncatus
7Tt385,8/12/2006,2019,29.2183,-80.0367,August,2006,biopsy,F,PRJNA1289198,-80.0367,29.2183,-408,-80.0367,29.2183,-408,84720.16,Atlantic,Intermediate,Intermediate,FALSE,FALSE,Intermediate,Intermediate_Atlantic,NA,Tursiops erebennus
7Tt413,7/19/2004,2019,33.6432,-75.9602,July,2004,biopsy,M,PRJNA1289198,-75.9602,33.6432,-1252,-75.9602,33.6432,-1252,132241.25,Atlantic,Offshore,Offshore,FALSE,FALSE,Offshore,Offshore_Atlantic,NA,Tursiops truncatus
7Tt418,8/11/2004,2019,31.044,-79.6575,August,2004,biopsy,F,PRJNA1289198,-79.6575,31.044,-438,-79.6575,31.044,-438,155179.43,Atlantic,Offshore,Offshore,FALSE,FALSE,Offshore,Offshore_Atlantic,NA,Tursiops truncatus
7Tt420,8/11/2004,2019,30.78,-79.68,August,2004,biopsy,M,PRJNA1289198,-79.68,30.78,-553,-79.68,30.78,-553,161861.83,Atlantic,Offshore,Offshore,FALSE,FALSE,Offshore,Offshore_Atlantic,NA,Tursiops truncatus
7Tt430,7/2/2013,2019,39.1667,-72.25,July,2013,bycatch,F,PRJNA1289198,-72.25,39.1667,-996,-72.25,39.1667,-996,178350.85,Atlantic,Offshore,Offshore,FALSE,FALSE,Offshore,Offshore_Atlantic,NA,Tursiops truncatus
7Tt432,7/29/2013,2019,37.5267,-74.8809,July,2013,biopsy,F,PRJNA1289198,-74.8809,37.5267,-32,-74.8809,37.5267,-32,61201.6,Atlantic,Offshore,Offshore,FALSE,FALSE,Offshore,Offshore_Atlantic,NA,Tursiops truncatus
7Tt433,8/11/2013,2019,37.504,-72.3454,August,2013,biopsy,F,PRJNA1289198,-72.3454,37.504,-3202,-72.3454,37.504,-3202,259940.2,Atlantic,Offshore,Offshore,FALSE,FALSE,Offshore,Offshore_Atlantic,NA,Tursiops truncatus
7Tt439,8/31/2013,2019,33.2436,-77.842,August,2013,biopsy,F,PRJNA1289198,-77.842,33.2436,-32,-77.842,33.2436,-32,78349.15,Atlantic,Intermediate,Intermediate,FALSE,FALSE,Intermediate,Intermediate_Atlantic,NA,Tursiops erebennus
7Tt455b,10/24/2012,2018,34.2638,-75.7512,October,2012,biopsy,M,PRJNA1289198,-75.7512,34.2638,-684,-75.7512,34.2638,-684,87666.86,Atlantic,Offshore,Offshore,FALSE,FALSE,Offshore,Offshore_Atlantic,NA,Tursiops truncatus
4Tt817,1/25/2012,2018 (sent 4Tt817 DNA),30.2737,-80.3095,January,2012,biopsy,M,PRJNA1289198,-80.3095,30.2737,-45,-80.3095,30.2737,-45,101883.23,Atlantic,Intermediate,Intermediate,FALSE,FALSE,Intermediate,Intermediate_Atlantic,NA,Tursiops erebennus
7Tt499,9/23/2007,2019,33.7728,-76.4423,September,2007,biopsy,M,PRJNA1289198,-76.4423,33.7728,-264,-76.4423,33.7728,-264,106804.19,Atlantic,Offshore,Offshore,FALSE,FALSE,Offshore,Offshore_Atlantic,NA,Tursiops truncatus
7Tt503,7/1/2011,2018,33.4164,-76.7899,July,2011,biopsy,F,PRJNA1289198,-76.7899,33.4164,-283,-76.7899,33.4164,-283,123341.03,Atlantic,Offshore,Offshore,FALSE,FALSE,Offshore,Offshore_Atlantic,NA,Tursiops truncatus
7Tt513,7/20/2011,2018,31.467,-78.9247,July,2011,biopsy,M,PRJNA1289198,-78.9247,31.467,-478,-78.9247,31.467,-478,165640.03,Atlantic,Offshore,Offshore,FALSE,FALSE,Offshore,Offshore_Atlantic,NA,Tursiops truncatus
7Tt516,7/21/2011,2019,31.4052,-79.5581,July,2011,biopsy,M,PRJNA1289198,-79.5581,31.4052,-288,-79.5581,31.4052,-288,135996.43,Atlantic,Offshore,Offshore,FALSE,FALSE,Offshore,Offshore_Atlantic,NA,Tursiops truncatus
7Tt518,7/24/2011,2019,30.112,-80.1618,July,2011,biopsy,M,PRJNA1289198,-80.1618,30.112,-271,-80.1618,30.112,-271,110756.04,Atlantic,Offshore,Offshore,FALSE,FALSE,Offshore,Offshore_Atlantic,NA,Tursiops truncatus
7Tt520,7/25/2011,2018,29.3342,-79.8832,July,2011,biopsy,M,PRJNA1289198,-79.8832,29.3342,-647,-79.8832,29.3342,-647,103797,Atlantic,Offshore,Offshore,FALSE,FALSE,Offshore,Offshore_Atlantic,NA,Tursiops truncatus
7Tt522,7/26/2011,2019,28.9802,-80.007,July,2011,biopsy,F,PRJNA1289198,-80.007,28.9802,-248,-80.007,28.9802,-248,71526.51,Atlantic,Offshore,Offshore,FALSE,FALSE,Offshore,Offshore_Atlantic,NA,Tursiops truncatus
7Tt523,7/26/2011,2019,28.6372,-79.6042,July,2011,biopsy,F,PRJNA1289198,-79.6042,28.6372,-794,-79.6042,28.6372,-794,93457.4,Atlantic,Offshore,Offshore,FALSE,FALSE,Offshore,Offshore_Atlantic,NA,Tursiops truncatus
7Tt526,10/23/2011,2018 & 2019,38.3711,-73.4826,October,2011,biopsy,F,PRJNA1289198,-73.4826,38.3711,-462,-73.4826,38.3711,-462,138559.32,Atlantic,Offshore,Offshore,FALSE,FALSE,Offshore,Offshore_Atlantic,NA,Tursiops truncatus
7Tt527,7/18/2013,2019,35.9056,-74.7193,July,2013,biopsy,F,PRJNA1289198,-74.7193,35.9056,-1397,-74.7193,35.9056,-1397,77510.95,Atlantic,Offshore,Offshore,FALSE,FALSE,Offshore,Offshore_Atlantic,NA,Tursiops truncatus
7Tt532,9/11/2013,2019,36.3274,-74.4607,September,2013,biopsy,F,PRJNA1289198,-74.4607,36.3274,-1998,-74.4607,36.3274,-1998,111847.53,Atlantic,Offshore,Offshore,FALSE,FALSE,Offshore,Offshore_Atlantic,NA,Tursiops truncatus
7Tt533,9/12/2013,2019,35.5875,-74.9051,September,2013,biopsy,F,PRJNA1289198,-74.9051,35.5875,-51,-74.9051,35.5875,-51,66341.45,Atlantic,Offshore,Offshore,FALSE,FALSE,Offshore,Offshore_Atlantic,NA,Tursiops truncatus
7Tt537,7/28/2016,2018,31.1311,-79.0439,July,2016,biopsy,F,PRJNA1289198,-79.0439,31.1311,-654,-79.0439,31.1311,-654,190907.23,Atlantic,Offshore,Offshore,FALSE,FALSE,Offshore,Offshore_Atlantic,NA,Tursiops truncatus
7Tt538,8/3/2016,2018,30.093,-79.9449,August,2016,biopsy,M,PRJNA1289198,-79.9449,30.093,-513,-79.9449,30.093,-513,130905.83,Atlantic,Offshore,Offshore,FALSE,FALSE,Offshore,Offshore_Atlantic,NA,Tursiops truncatus
7Tt540,8/3/2016,2019,30.293,-80.1353,August,2016,biopsy,M,PRJNA1289198,-80.1353,30.293,-247,-80.1353,30.293,-247,118760.22,Atlantic,Offshore,Offshore,FALSE,FALSE,Offshore,Offshore_Atlantic,NA,Tursiops truncatus
7Tt554,10/4/2013,2019,35.4388,-74.7418,October,2013,biopsy,F,PRJNA1289198,-74.7418,35.4388,-1540,-74.7418,35.4388,-1540,74256,Atlantic,Offshore,Offshore,FALSE,FALSE,Offshore,Offshore_Atlantic,NA,Tursiops truncatus
7Tt556,4/11/2014,2018,30.3774,-80.3591,April,2014,biopsy,M,PRJNA1289198,-80.3591,30.3774,-36,-80.3591,30.3774,-36,99492.28,Atlantic,Intermediate,Intermediate,FALSE,FALSE,Intermediate,Intermediate_Atlantic,NA,Tursiops erebennus
7Tt557,4/12/2014,2018 & 2019,30.3984,-80.1801,April,2014,biopsy,F,PRJNA1289198,-80.1801,30.3984,-112,-80.1801,30.3984,-112,116852.52,Atlantic,Intermediate,Intermediate,FALSE,FALSE,Intermediate,Intermediate_Atlantic,NA,Tursiops erebennus
7Tt566,10/28/2014,2019,30.4451,-80.4825,October,2014,biopsy,F,PRJNA1289198,-80.4825,30.4451,-40,-80.4825,30.4451,-40,89245.75,Atlantic,Intermediate,Intermediate,FALSE,FALSE,Intermediate,Intermediate_Atlantic,Backcross2,Tursiops erebennus
7Tt568,4/23/2015,2019,30.1785,-80.5234,April,2015,biopsy,M,PRJNA1289198,-80.5234,30.1785,-37,-80.5234,30.1785,-37,79644.45,Atlantic,Intermediate,Intermediate,FALSE,FALSE,Intermediate,Intermediate_Atlantic,NA,Tursiops erebennus
7Tt571,6/30/2009,2019,40.3733,-67.1117,June,2009,biopsy,F,PRJNA1289198,-67.1117,40.3733,-1930,-67.1117,40.3733,-1930,261429.51,Atlantic,Offshore,Offshore,FALSE,FALSE,Offshore,Offshore_Atlantic,NA,Tursiops truncatus
7Tt578,7/8/1997,2019,39.59,-68.55,July,1997,biopsy,M,PRJNA1289198,-68.55,39.59,-2693,-68.55,39.59,-2693,223214.01,Atlantic,Offshore,Offshore,FALSE,FALSE,Offshore,Offshore_Atlantic,NA,Tursiops truncatus
8Tt056,6/7/2004,2019,28.3148,-87.4742,June,2004,biopsy,M,PRJNA1289198,-87.4742,28.3148,-2584,-87.4742,28.3148,-2584,190626.98,Gulf,Offshore,Offshore,FALSE,FALSE,Offshore,Offshore_Gulf,NA,Tursiops truncatus
8Tt081,7/23/2000,2019,29.0737,-87.0172,July,2000,biopsy,F,PRJNA1289198,-87.0172,29.0737,-725,-87.0172,29.0737,-725,143863.28,Gulf,Offshore,Offshore,FALSE,FALSE,Offshore,Offshore_Gulf,NA,Tursiops truncatus
8Tt114,9/14/2000,2019,28.3833,-92.9988,September,2000,biopsy,M,PRJNA1289198,-92.9988,28.3833,-52,-92.9988,28.3833,-52,140499.46,Gulf,Offshore,Offshore,TRUE,FALSE,Offshore,Offshore_Gulf,F2,Tursiops truncatus
8Tt132,9/16/2001,2019,29.5075,-87.4845,September,2001,biopsy,M,PRJNA1289198,-87.4845,29.5075,-70,-87.4845,29.5075,-70,87332.2,Gulf,Intermediate,Intermediate,FALSE,FALSE,Intermediate,Intermediate_Gulf,NA,Tursiops erebennus
8Tt134,9/22/2001,2019,27.5043,-84.839,September,2001,biopsy,M,PRJNA1289198,-84.839,27.5043,-259,-84.839,27.5043,-259,200494.1,Gulf,Offshore,Offshore,FALSE,FALSE,Offshore,Offshore_Gulf,NA,Tursiops truncatus
8Tt136b,9/22/2001,2018,27.4927,-84.1898,September,2001,biopsy,F,PRJNA1289198,-84.1898,27.4927,-72,-84.1898,27.4927,-72,138635.16,Gulf,Intermediate,Intermediate,FALSE,FALSE,Intermediate,Intermediate_Gulf,Backcross2,Tursiops erebennus
8Tt144,6/30/2002,2019,26.791,-83.6799,June,2002,biopsy,F,PRJNA1289198,-83.6799,26.791,-65,-83.6799,26.791,-65,124755.48,Gulf,Intermediate,Intermediate,TRUE,FALSE,Intermediate,Intermediate_Gulf,F2,Tursiops erebennus
8Tt203,7/1/2007,2019,28.8683,-85.5081,July,2007,biopsy,F,PRJNA1289198,-85.5081,28.8683,-142,-85.5081,28.8683,-142,93984.18,Gulf,Offshore,Offshore,FALSE,FALSE,Offshore,Offshore_Gulf,NA,Tursiops truncatus
8Tt220b,7/10/2007,2018,29.8883,-87.285,July,2007,biopsy,M,PRJNA1289198,-87.285,29.8883,-50,-87.285,29.8883,-50,49911.73,Gulf,Intermediate,Intermediate,FALSE,FALSE,Intermediate,Intermediate_Gulf,NA,Tursiops erebennus
8Tt583b,7/11/2007,2018,29.8519,-88.0559,July,2007,biopsy,F,PRJNA1289198,-88.0559,29.8519,-30,-88.0559,29.8519,-30,50102.8,Gulf,Coastal_Gulf,Coastal_Gulf,FALSE,FALSE,Coastal_Gulf,Coastal_Gulf,NA,Tursiops erebennus
8Tt243,7/13/2007,2019,29.2419,-88.6508,July,2007,biopsy,F,PRJNA1289198,-88.6508,29.2419,-66,-88.6508,29.2419,-66,51794.15,Gulf,Offshore,Offshore,TRUE,FALSE,Offshore,Offshore_Gulf,Backcross1,Tursiops truncatus
8Tt248b,7/14/2007,2018,28.8328,-88.9288,July,2007,biopsy,M,PRJNA1289198,-88.9288,28.8328,-410,-88.9288,28.8328,-410,41895.71,Gulf,Offshore,Offshore,FALSE,FALSE,Offshore,Offshore_Gulf,NA,Tursiops truncatus
8Tt259,7/17/2007,2019,27.9953,-90.5091,July,2007,biopsy,F,PRJNA1289198,-90.5091,27.9953,-388,-90.5091,27.9953,-388,129805.24,Gulf,Offshore,Offshore,FALSE,FALSE,Offshore,Offshore_Gulf,NA,Tursiops truncatus
8Tt278b,7/21/2007,2018,29.9581,-86.1051,July,2007,biopsy,F,PRJNA1289198,-86.1051,29.9581,-36,-86.1051,29.9581,-36,37083.62,Gulf,Intermediate,Intermediate,FALSE,FALSE,Intermediate,Intermediate_Gulf,Backcross2,Tursiops erebennus
8Tt285,7/22/2007,2019,30.1203,-86.4738,July,2007,biopsy,F,PRJNA1289198,-86.4738,30.1203,-38,-86.4738,30.1203,-38,32812.08,Gulf,Intermediate,Intermediate,FALSE,FALSE,Intermediate,Intermediate_Gulf,NA,Tursiops erebennus
8Tt292,7/27/2007,2019,28.5996,-89.9312,July,2007,biopsy,F,PRJNA1289198,-89.9312,28.5996,-277,-89.9312,28.5996,-277,65999.71,Gulf,Offshore,Offshore,FALSE,FALSE,Offshore,Offshore_Gulf,NA,Tursiops truncatus
8Tt301,7/29/2007,2019,27.7317,-92.7602,July,2007,biopsy,F,PRJNA1289198,-92.7602,27.7317,-556,-92.7602,27.7317,-556,205617.08,Gulf,Offshore,Offshore,FALSE,FALSE,Offshore,Offshore_Gulf,NA,Tursiops truncatus
8Tt303,7/29/2007,2019,27.3151,-92.7836,July,2007,biopsy,M,PRJNA1289198,-92.7836,27.3151,-949,-92.7836,27.3151,-949,251590,Gulf,Offshore,Offshore,FALSE,FALSE,Offshore,Offshore_Gulf,NA,Tursiops truncatus
8Tt322,7/31/2007,2019,27.851,-94.1602,July,2007,biopsy,M,PRJNA1289198,-94.1602,27.851,-109,-94.1602,27.851,-109,166847.87,Gulf,Offshore,Offshore,TRUE,FALSE,Offshore,Offshore_Gulf,F2,Tursiops truncatus
8Tt363,8/4/2007,2019,26.4452,-96.4032,August,2007,biopsy,F,PRJNA1289198,-96.4032,26.4452,-84,-96.4032,26.4452,-84,83596.99,Gulf,Offshore,Offshore,TRUE,FALSE,Offshore,Offshore_Gulf,Backcross1,Tursiops truncatus
8Tt365,8/4/2007,2019,26.8953,-96.7655,August,2007,biopsy,M,PRJNA1289198,-96.7655,26.8953,-70,-96.7655,26.8953,-70,61246.6,Gulf,Offshore,Offshore,TRUE,FALSE,Offshore,Offshore_Gulf,F2,Tursiops truncatus
8Tt373,8/5/2007,2019,27.257,-95.9933,August,2007,biopsy,F,PRJNA1289198,-95.9933,27.257,-462,-95.9933,27.257,-462,125556.68,Gulf,Offshore,Offshore,FALSE,FALSE,Offshore,Offshore_Gulf,NA,Tursiops truncatus
8Tt424,8/12/2007,2019,28.074,-91.7772,August,2007,biopsy,M,PRJNA1289198,-91.7772,28.074,-97,-91.7772,28.074,-97,140573.39,Gulf,Offshore,Offshore,TRUE,FALSE,Offshore,Offshore_Gulf,Backcross1,Tursiops truncatus
8Tt428,8/12/2007,2019,28.319,-91.6238,August,2007,biopsy,F,PRJNA1289198,-91.6238,28.319,-66,-91.6238,28.319,-66,109954.6,Gulf,Offshore,Offshore,TRUE,FALSE,Offshore,Offshore_Gulf,F2,Tursiops truncatus
8Tt445,7/14/2007,2019,28.7908,-89.171,July,2007,biopsy,M,PRJNA1289198,-89.171,28.7908,-198,-89.171,28.7908,-198,37914.46,Gulf,Offshore,Offshore,FALSE,FALSE,Offshore,Offshore_Gulf,NA,Tursiops truncatus
8Tt449b,7/31/2007,2018 (done 2x),27.8203,-94.3837,July,2007,biopsy,F,PRJNA1289198,-94.3837,27.8203,-213,-94.3837,27.8203,-213,154744.03,Gulf,Offshore,Offshore,FALSE,FALSE,Offshore,Offshore_Gulf,NA,Tursiops truncatus
8Tt465,9/21/2008,2019,28.0452,-96.0133,September,2008,biopsy,M,PRJNA1289198,-96.0133,28.0452,-38,-96.0133,28.0452,-38,53608.01,Gulf,Offshore,Offshore,TRUE,FALSE,Offshore,Offshore_Gulf,F2,Tursiops truncatus
8Tt469,9/23/2008,2019,27.6347,-92.2384,September,2008,biopsy,M,PRJNA1289198,-92.2384,27.6347,-482,-92.2384,27.6347,-482,203663.58,Gulf,Offshore,Offshore,FALSE,FALSE,Offshore,Offshore_Gulf,NA,Tursiops truncatus
8Tt478,9/28/2008,2019,28.8676,-85.0557,September,2008,biopsy,M,PRJNA1289198,-85.0557,28.8676,-51,-85.0557,28.8676,-51,87365.6,Gulf,Intermediate,Intermediate,FALSE,FALSE,Intermediate,Intermediate_Gulf,NA,Tursiops erebennus
8Tt495,8/7/2015,2019,29.7785,-88.4691,August,2015,biopsy,F,PRJNA1289198,-88.4691,29.7785,-31,-88.4691,29.7785,-31,62036.36,Gulf,Offshore,Offshore,TRUE,FALSE,Offshore,Offshore_Gulf,F2,Tursiops truncatus
8Tt513,8/11/2015,2019,29.8556,-86.6856,August,2015,biopsy,F,PRJNA1289198,-86.6856,29.8556,-124,-86.6856,29.8556,-124,62446.11,Gulf,Offshore,Offshore,TRUE,FALSE,Offshore,Offshore_Gulf,F2,Tursiops truncatus
8Tt521,8/13/2015,2019,29.3854,-86.364,August,2015,biopsy,M,PRJNA1289198,-86.364,29.3854,-223,-86.364,29.3854,-223,104216.36,Gulf,Offshore,Offshore,TRUE,FALSE,Offshore,Offshore_Gulf,F2,Tursiops truncatus
8Tt528,8/14/2015,2019,30.1027,-87.1042,August,2015,biopsy,M,PRJNA1289198,-87.1042,30.1027,-26,-87.1042,30.1027,-26,31421.74,Gulf,Intermediate,Intermediate,FALSE,FALSE,Intermediate,Intermediate_Gulf,Backcross2,Tursiops erebennus
8Tt552,8/26/2016,2019,29.9716,-86.7719,August,2016,biopsy,F,PRJNA1289198,-86.7719,29.9716,-115,-86.7719,29.9716,-115,49482.73,Gulf,Offshore,Offshore,FALSE,FALSE,Offshore,Offshore_Gulf,Backcross1,Tursiops truncatus
8Tt569,8/29/2015,2019,29.5788,-86.3278,August,2015,biopsy,F,PRJNA1289198,-86.3278,29.5788,-122,-86.3278,29.5788,-122,84307.5,Gulf,Offshore,Offshore,FALSE,FALSE,Offshore,Offshore_Gulf,NA,Tursiops truncatus
8Tt619,8/23/2016,2019,27.0308,-84.5564,August,2016,biopsy,F,PRJNA1289198,-84.5564,27.0308,-181,-84.5564,27.0308,-181,192360.53,Gulf,Offshore,Offshore,TRUE,FALSE,Offshore,Offshore_Gulf,F2,Tursiops truncatus
8Tt620,7/23/2014,2019,24.2677,-82.824,July,2014,biopsy,F,PRJNA1289198,-82.824,24.2677,-453,-82.824,24.2677,-453,79138.67,Gulf,Offshore,Offshore,FALSE,FALSE,Offshore,Offshore_Gulf,NA,Tursiops truncatus
8Tt625,6/22/2012,2019,24.2521,-81.9201,June,2012,biopsy,F,PRJNA1289198,-81.9201,24.2521,-405,-81.9201,24.2521,-405,40879.08,Gulf,Offshore,Offshore,FALSE,FALSE,Offshore,Offshore_Gulf,NA,Tursiops truncatus
8Tt633,6/21/2009,2019,24.9458,-84.2748,June,2009,biopsy,M,PRJNA1289198,-84.2748,24.9458,-428,-84.2748,24.9458,-428,221040.18,Gulf,Offshore,Offshore,FALSE,FALSE,Offshore,Offshore_Gulf,NA,Tursiops truncatus
8Tt649,7/10/2009,2019,28.36,-89.486,July,2009,biopsy,M,PRJNA1289198,-89.486,28.36,-792,-89.486,28.36,-792,89186.58,Gulf,Offshore,Offshore,FALSE,FALSE,Offshore,Offshore_Gulf,NA,Tursiops truncatus
8Tt653,7/20/2009,2019,28.842,-86.4461,July,2009,biopsy,M,PRJNA1289198,-86.4461,28.842,-390,-86.4461,28.842,-390,147272.66,Gulf,Offshore,Offshore,FALSE,FALSE,Offshore,Offshore_Gulf,Backcross1,Tursiops truncatus
8Tt654,8/5/2009,2019,27.7705,-95.5121,August,2009,biopsy,F,PRJNA1289198,-95.5121,27.7705,-107,-95.5121,27.7705,-107,105520.49,Gulf,Offshore,Offshore,TRUE,FALSE,Offshore,Offshore_Gulf,F2,Tursiops truncatus
9Tt003,6/14/1994,2019,40.8,-66.0167,June,1994,bycatch,F,PRJNA1289198,-66.0167,40.8,-2980,-66.0167,40.8,-2980,335834.04,Atlantic,Offshore,Offshore,FALSE,FALSE,Offshore,Offshore_Atlantic,NA,Tursiops truncatus
9Tt022,4/27/2000,2019,40.5333,-71.2833,April,2000,bycatch,M,PRJNA1289198,-71.2833,40.5333,-68,-71.2833,40.5333,-68,74858.89,Atlantic,Offshore,Offshore,FALSE,FALSE,Offshore,Offshore_Atlantic,NA,Tursiops truncatus
9Tt036,9/17/2002,2019,38.9734,-74.819,September,2002,live capture,F,PRJNA1227152,-74.819,38.9734,-2,-74.819,38.9734,-2,4952.1,Atlantic,Coastal_Atlantic,Coastal_Atlantic,FALSE,FALSE,Coastal_Atlantic,Coastal_Atlantic,NA,Tursiops erebennus
9Tt039,9/17/2002,2019,38.9848,-74.8021,September,2002,live capture,M,PRJNA1227152,-74.8021,38.9848,-1,-74.8021,38.9848,-1,5075.82,Atlantic,Coastal_Atlantic,Coastal_Atlantic,FALSE,FALSE,Coastal_Atlantic,Coastal_Atlantic,NA,Tursiops erebennus
9Tt053,6/16/2005,2019,39.4909,-74.2353,June,2005,biopsy,M,PRJNA1227152,-74.2353,39.4909,-12,-74.2353,39.4909,-12,13917.04,Atlantic,Coastal_Atlantic,Coastal_Atlantic,FALSE,FALSE,Coastal_Atlantic,Coastal_Atlantic,NA,Tursiops erebennus
9Tt055,6/17/2005,2019,39.5113,-74.2247,June,2005,biopsy,M,PRJNA1227152,-74.2247,39.5113,-13,-74.2247,39.5113,-13,13010.1,Atlantic,Coastal_Atlantic,Coastal_Atlantic,FALSE,FALSE,Coastal_Atlantic,Coastal_Atlantic,NA,Tursiops erebennus
9Tt058,6/21/2005,2019,39.3918,-74.3762,June,2005,biopsy,M,PRJNA1227152,-74.3762,39.3918,-3,-74.3762,39.3918,-3,8941.34,Atlantic,Coastal_Atlantic,Coastal_Atlantic,FALSE,FALSE,Coastal_Atlantic,Coastal_Atlantic,NA,Tursiops erebennus
9Tt061,7/6/2005,2019,39.3559,-74.4154,July,2005,biopsy,F,PRJNA1227152,-74.4154,39.3559,-3,-74.4154,39.3559,-3,8179.88,Atlantic,Coastal_Atlantic,Coastal_Atlantic,FALSE,FALSE,Coastal_Atlantic,Coastal_Atlantic,NA,Tursiops erebennus
9Tt062,7/12/2005,2019,39.568,-74.228,July,2005,biopsy,F,PRJNA1227152,-74.228,39.568,-2,-74.228,39.568,-2,9190.09,Atlantic,Coastal_Atlantic,Coastal_Atlantic,FALSE,FALSE,Coastal_Atlantic,Coastal_Atlantic,NA,Tursiops erebennus
9Tt065,7/14/2005,2019,39.3917,-74.3767,July,2005,biopsy,F,PRJNA1227152,-74.3767,39.3917,-3,-74.3767,39.3917,-3,8903.51,Atlantic,Coastal_Atlantic,Coastal_Atlantic,FALSE,FALSE,Coastal_Atlantic,Coastal_Atlantic,NA,Tursiops erebennus
9Tt066,7/14/2005,2019,39.3394,-74.3657,July,2005,biopsy,M,PRJNA1227152,-74.3657,39.3394,-10,-74.3657,39.3394,-10,12529.66,Atlantic,Coastal_Atlantic,Coastal_Atlantic,FALSE,FALSE,Coastal_Atlantic,Coastal_Atlantic,NA,Tursiops erebennus
9Tt067,7/14/2005,2019,39.4581,-74.3088,July,2005,biopsy,F,PRJNA1227152,-74.3088,39.4581,-4,-74.3088,39.4581,-4,9398,Atlantic,Coastal_Atlantic,Coastal_Atlantic,FALSE,FALSE,Coastal_Atlantic,Coastal_Atlantic,NA,Tursiops erebennus
9Tt069,7/15/2005,2019,39.4792,-74.258,July,2005,biopsy,F,PRJNA1227152,-74.258,39.4792,-10,-74.258,39.4792,-10,12534.94,Atlantic,Coastal_Atlantic,Coastal_Atlantic,FALSE,FALSE,Coastal_Atlantic,Coastal_Atlantic,NA,Tursiops erebennus
9Tt071,7/15/2005,2019,39.4595,-74.2777,July,2005,biopsy,F,PRJNA1227152,-74.2777,39.4595,-6,-74.2777,39.4595,-6,11775.77,Atlantic,Coastal_Atlantic,Coastal_Atlantic,FALSE,FALSE,Coastal_Atlantic,Coastal_Atlantic,NA,Tursiops erebennus
9Tt072,7/15/2005,2019,39.6141,-74.1966,July,2005,biopsy,M,PRJNA1227152,-74.1966,39.6141,-1,-74.1966,39.6141,-1,7716,Atlantic,Coastal_Atlantic,Coastal_Atlantic,FALSE,FALSE,Coastal_Atlantic,Coastal_Atlantic,NA,Tursiops erebennus
9Tt074,7/20/2005,2019,39.3591,-74.3283,July,2005,biopsy,M,PRJNA1227152,-74.3283,39.3591,-10,-74.3283,39.3591,-10,14082.38,Atlantic,Coastal_Atlantic,Coastal_Atlantic,FALSE,FALSE,Coastal_Atlantic,Coastal_Atlantic,NA,Tursiops erebennus
9Tt075,7/21/2005,2019,39.355,-74.3437,July,2005,biopsy,M,PRJNA1227152,-74.3437,39.355,-10,-74.3437,39.355,-10,13105.46,Atlantic,Coastal_Atlantic,Coastal_Atlantic,FALSE,FALSE,Coastal_Atlantic,Coastal_Atlantic,NA,Tursiops erebennus
9Tt076,7/21/2005,2019,39.3082,-74.3767,July,2005,biopsy,F,PRJNA1227152,-74.3767,39.3082,-10,-74.3767,39.3082,-10,14346.06,Atlantic,Coastal_Atlantic,Coastal_Atlantic,FALSE,FALSE,Coastal_Atlantic,Coastal_Atlantic,NA,Tursiops erebennus
9Tt079,7/22/2005,2019,39.5988,-74.1755,July,2005,biopsy,M,PRJNA1227152,-74.1755,39.5988,-13,-74.1755,39.5988,-13,10193.58,Atlantic,Coastal_Atlantic,Coastal_Atlantic,FALSE,FALSE,Coastal_Atlantic,Coastal_Atlantic,NA,Tursiops erebennus
9Tt084,8/3/2005,2019,39.2632,-74.4863,August,2005,biopsy,F,PRJNA1227152,-74.4863,39.2632,-12,-74.4863,39.2632,-12,10590.22,Atlantic,Coastal_Atlantic,Coastal_Atlantic,FALSE,FALSE,Coastal_Atlantic,Coastal_Atlantic,NA,Tursiops erebennus
9Tt085,8/12/2005,2019,39.3699,-74.4066,August,2005,biopsy,M,PRJNA1227152,-74.4066,39.3699,-9,-74.4066,39.3699,-9,7656.99,Atlantic,Coastal_Atlantic,Coastal_Atlantic,FALSE,FALSE,Coastal_Atlantic,Coastal_Atlantic,NA,Tursiops erebennus
9Tt087,8/17/2005,2019,39.3189,-74.501,August,2005,biopsy,F,PRJNA1227152,-74.501,39.3189,-3,-74.501,39.3189,-3,5944.55,Atlantic,Coastal_Atlantic,Coastal_Atlantic,FALSE,FALSE,Coastal_Atlantic,Coastal_Atlantic,NA,Tursiops erebennus
9Tt089,8/26/2005,2019,39.4139,-74.2895,August,2005,biopsy,M,PRJNA1227152,-74.2895,39.4139,-10,-74.2895,39.4139,-10,13412.26,Atlantic,Coastal_Atlantic,Coastal_Atlantic,FALSE,FALSE,Coastal_Atlantic,Coastal_Atlantic,NA,Tursiops erebennus
9Tt146,9/6/2013,2018,38.9401,-74.9723,September,2013,stranding,M,PRJNA1289198,-74.9723,38.9401,stranding,-74.9723,38.9401,stranding,stranding,Atlantic,Coastal_Atlantic,Coastal_Atlantic,FALSE,FALSE,Coastal_Atlantic,Coastal_Atlantic,NA,Tursiops erebennus
9Tt147,10/8/2013,2018,39.5832,-74.2208,October,2013,stranding,F,PRJNA1289198,-74.2208,39.5832,stranding,-74.2208,39.5832,stranding,stranding,Atlantic,Coastal_Atlantic,Coastal_Atlantic,FALSE,FALSE,Coastal_Atlantic,Coastal_Atlantic,NA,Tursiops erebennus
9Tt150,9/23/2013,2018,39.6575,-74.1659,September,2013,stranding,M,PRJNA1289198,-74.1659,39.6575,stranding,-74.1659,39.6575,stranding,stranding,Atlantic,Coastal_Atlantic,Coastal_Atlantic,FALSE,FALSE,Coastal_Atlantic,Coastal_Atlantic,NA,Tursiops erebennus
9Tt174,9/15/2003,2019,38.9651,-74.9691,September,2003,live capture,F,PRJNA1227152,-74.9691,38.9651,-6,-74.9691,38.9651,-6,2214.88,Atlantic,Coastal_Atlantic,Coastal_Atlantic,FALSE,FALSE,Coastal_Atlantic,Coastal_Atlantic,NA,Tursiops erebennus
9Tt175,9/15/2003,2019,38.9651,-74.9691,September,2003,live capture,M,PRJNA1227152,-74.9691,38.9651,-6,-74.9691,38.9651,-6,2214.88,Atlantic,Coastal_Atlantic,Coastal_Atlantic,FALSE,FALSE,Coastal_Atlantic,Coastal_Atlantic,NA,Tursiops erebennus
FB128,6/11/1997,2019,27.3387,-82.575,June,1997,live capture,M,PRJNA1289198,-82.575,27.3387,-7,-82.575,27.3387,-7,1983.65,Gulf,Coastal_Gulf,Coastal_Gulf,FALSE,FALSE,Coastal_Gulf,Coastal_Gulf,NA,Tursiops erebennus
FB196,6/12/2000,2019,27.4368,-82.6775,June,2000,live capture,M,PRJNA1289198,-82.6775,27.4368,2,-82.67291667,27.43541667,-4,2390.69,Gulf,Coastal_Gulf,Coastal_Gulf,FALSE,FALSE,Coastal_Gulf,Coastal_Gulf,NA,Tursiops erebennus
FB703,7/13/1995,2019,34.7623,-76.6777,July,1995,live capture,F,PRJNA1227152,-76.6777,34.7623,-5,-76.6777,34.7623,-5,1104,Atlantic,Coastal_Atlantic,Coastal_Atlantic,FALSE,FALSE,Coastal_Atlantic,Coastal_Atlantic,NA,Tursiops erebennus
FB711,7/16/1995,2019,34.9858,-76.5743,July,1995,live capture,F,PRJNA1227152,-76.5743,34.9858,5,-76.57708333,34.98541667,-3,412.62,Atlantic,Coastal_Atlantic,Coastal_Atlantic,FALSE,FALSE,Coastal_Atlantic,Coastal_Atlantic,NA,Tursiops erebennus
FB712,7/15/1995,2019,34.7475,-76.692,July,1995,live capture,M,PRJNA1227152,-76.692,34.7475,-7,-76.692,34.7475,-7,1930.37,Atlantic,Coastal_Atlantic,Coastal_Atlantic,FALSE,FALSE,Coastal_Atlantic,Coastal_Atlantic,NA,Tursiops erebennus
FB715,7/17/1995,2019,34.7042,-76.94,July,1995,live capture,F,PRJNA1227152,-76.94,34.7042,-1,-76.94,34.7042,-1,1788.58,Atlantic,Coastal_Atlantic,Coastal_Atlantic,FALSE,FALSE,Coastal_Atlantic,Coastal_Atlantic,NA,Tursiops erebennus
FB718,7/17/1995,2019,34.6983,-76.9003,July,1995,live capture,M,PRJNA1227152,-76.9003,34.6983,-1,-76.9003,34.6983,-1,3764.1,Atlantic,Coastal_Atlantic,Coastal_Atlantic,FALSE,FALSE,Coastal_Atlantic,Coastal_Atlantic,NA,Tursiops erebennus
FB719,7/19/1995,2019,34.7048,-76.9408,July,1995,live capture,F,PRJNA1227152,-76.9408,34.7048,-1,-76.9408,34.7048,-1,1697.1,Atlantic,Coastal_Atlantic,Coastal_Atlantic,FALSE,FALSE,Coastal_Atlantic,Coastal_Atlantic,NA,Tursiops erebennus
FB724,7/18/1995,2019,34.7147,-76.9058,July,1995,live capture,M,PRJNA1227152,-76.9058,34.7147,-1,-76.9058,34.7147,-1,1885.53,Atlantic,Coastal_Atlantic,Coastal_Atlantic,FALSE,FALSE,Coastal_Atlantic,Coastal_Atlantic,NA,Tursiops erebennus
FB725,7/20/1995,2019,34.6915,-76.6295,July,1995,live capture,F,PRJNA1227152,-76.6295,34.6915,-2,-76.6295,34.6915,-2,4350.6,Atlantic,Coastal_Atlantic,Coastal_Atlantic,FALSE,FALSE,Coastal_Atlantic,Coastal_Atlantic,NA,Tursiops erebennus
FB730,7/20/1995,2019,34.763,-76.6803,July,1995,live capture,M,PRJNA1227152,-76.6803,34.763,-5,-76.6803,34.763,-5,1313.23,Atlantic,Coastal_Atlantic,Coastal_Atlantic,FALSE,FALSE,Coastal_Atlantic,Coastal_Atlantic,NA,Tursiops erebennus
FB819,8/13/2003,2019,32.7529,-79.9017,August,2003,live capture,F,PRJNA1289198,-79.9017,32.7529,9,-79.89791667,32.75208333,-5,1657.02,Atlantic,Coastal_Atlantic,Coastal_Atlantic,FALSE,FALSE,Coastal_Atlantic,Coastal_Atlantic,NA,Tursiops erebennus
FB824,8/15/2003,2019,32.785,-79.8993,August,2003,live capture,M,PRJNA1289198,-79.8993,32.785,-16,-79.8993,32.785,-16,3253.5,Atlantic,Coastal_Atlantic,Coastal_Atlantic,FALSE,FALSE,Coastal_Atlantic,Coastal_Atlantic,NA,Tursiops erebennus
FB833,8/18/2004,2019,32.7441,-79.8773,August,2004,live capture,F,PRJNA1289198,-79.8773,32.7441,-6,-79.8773,32.7441,-6,2519.17,Atlantic,Coastal_Atlantic,Coastal_Atlantic,FALSE,FALSE,Coastal_Atlantic,Coastal_Atlantic,NA,Tursiops erebennus
FB896,8/2/2005,2019,32.766,-79.9481,August,2005,live capture,M,PRJNA1289198,-79.9481,32.766,-6,-79.9481,32.766,-6,1777.76,Atlantic,Coastal_Atlantic,Coastal_Atlantic,FALSE,FALSE,Coastal_Atlantic,Coastal_Atlantic,NA,Tursiops erebennus
FB8A0,8/4/2005,2019,32.821,-79.9665,August,2005,live capture,M,PRJNA1289198,-79.9665,32.821,0,-79.96458333,32.78541667,-13,2274.07,Atlantic,Coastal_Atlantic,Coastal_Atlantic,FALSE,FALSE,Coastal_Atlantic,Coastal_Atlantic,NA,Tursiops erebennus
FB90,6/2/1998,2019,27.3968,-82.6327,June,1998,live capture,F,PRJNA1289198,-82.6327,27.3968,-5,-82.6327,27.3968,-5,4245.14,Gulf,Coastal_Gulf,Coastal_Gulf,FALSE,FALSE,Coastal_Gulf,Coastal_Gulf,NA,Tursiops erebennus
